filename	setname	year	status	source	confidence
Armed F (Japan).mra	armedf	1988	year	mame	exact
Armed Police Batrider (Japan, B Version) (Fri Feb 13 1998).mra	batriderj	1998	year	mame	exact
Battle Bakraid - Unlimited Version (Japan) (Tue Jun 8 1999).mra	bbakraidj	1999	year	mame	exact
Battle Garegga (Europe - USA - Japan - Asia) (Sat Feb 3 1996).mra	bgaregga	1996	year	mame	exact
Black Heart.mra	blkheart	1991	year	mame	exact
Boogie Wings (USA, v1.7, 92.12.14).mra	boogwingu	1992	year	mame	exact
Bubble Bobble (Japan, Ver 0.1) [CoC].mra	bublbobl	1986	year	mame	exact
Captain America and The Avengers (US, Rev 1.9).mra	captavenu	1991	year	mame	exact
Caveman Ninja (World, Ver. 4).mra	cninja	1991	year	mame	exact
Chouji Meikyuu Legion (Japan ver 1.05, set 2).mra	legionj2	1987	year	mame	exact
Cobra-Command (World, Rev. 5).mra	cobracom	1988	year	mame	exact
Crazy Climber 2 (Japan).mra	cclimbr2	1988	year	mame	exact
Crude Buster (World, FX version).mra	cbuster	1990	year	mame	exact
Dark Seal (World, Rev. 3).mra	darkseal	1990	year	mame	exact
Demon's World - Horror Story (Set 3).mra	demonwld2	1989	year	mame	exact
Diet Go Go (Europe, Set 1).mra	dietgo	1992	year	mame	exact
Double Wings (Asia).mra	dblewingb	1994	year	mame	exact
G.I. Joe (World, EAB).mra	gijoe	1992	year	mame	exact
Gang Wars.mra	gangwars	1989	year	mame	exact
Hachoo.mra	hachoo	1989	year	mame	exact
Hellfire (2P Set).mra	hellfire	1989	year	mame	exact
Hishou Zame (Japan).mra	hishouza	1987	year	mame	exact
Iga Ninjyutsuden (Japan).mra	iganinju	1988	year	mame	exact
Ikari III - The Rescue (World Version 1, 8-Way Joystick).mra	ikari3	1989	year	mame	exact
In Your Face (US, Prototype).mra	inyourfa	1991	year	mame	exact
Jitsuryoku!! Pro Yakyuu (Japan).mra	jitsupro	1989	year	mame	exact
Kid no Hore Hore Daisakusen.mra	horekid	1987	year	mame	exact
KiKi KaiKai (Japan).mra	kikikai	1986	year	mame	exact
Kozure Ookami (Japan).mra	kozure	1987	year	mame	exact
Kyukyoku Tiger (Japan, 2P Co-Op).mra	ktiger	1989	year	mame	exact
Mahou Daisakusen (Japan).mra	mahoudai	1993	year	mame	exact
Mania Challenge (Set 1).mra	maniach	1986	year	mame	exact
Mat Mania.mra	matmania	1985	year	mame	exact
Metamorphic Force (World, EAA).mra	metamrph	1993	year	mame	exact
Mutant Fighter (World, Ver. EM-5).mra	mutantf	1991	year	mame	exact
Mystic Warriors (World, EAA).mra	mystwarr	1993	year	mame	exact
Nitro Ball (World, Set 1).mra	nitrobal	1992	year	mame	exact
Out Zone.mra	outzone	1990	year	mame	exact
P-47 - The Freedom Fighter (Japan).mra	p47j	1988	year	mame	exact
P.O.W. - Prisoners of War (US Version 1).mra	pow	1988	year	mame	exact
Paddle Mania.mra	paddlema	1988	year	mame	exact
Pipi & Bibis - Whoopee!! (Z80 sound cpu, set 1).mra	pipibibs	1991	year	mame	exact
Plus Alpha.mra	plusalph	1989	year	mame	exact
Prehistoric Isle in 1930 (World).mra	prehisle	1989	year	mame	exact
Psycho-Nics Oscar (World).mra	oscar	1987	year	mame	exact
Rally Bike - Dash Yarou.mra	rallybik	1988	year	mame	exact
Robocop 2 (USA, v0.10).mra	robocop2u	1991	year	mame	exact
Rod-Land (World, Set 1).mra	rodland	1990	year	mame	exact
Rohga - Armor Force (World, v5.0).mra	rohga	1991	year	mame	exact
Saint Dragon (Set 1).mra	stdragon	1989	year	mame	exact
Same! Same! Same! (2P Set).mra	samesame2	1989	year	mame	exact
SAR - Search And Rescue (World).mra	searchar	1989	year	mame	exact
Sei Senshi Amatelass.mra	amatelas	1986	year	mame	exact
Shippu Mahou Daisakusen (Japan).mra	shippumd	1994	year	mame	exact
Sky Adventure (World).mra	skyadvnt	1989	year	mame	exact
Sky Soldiers (US).mra	skysoldr	1988	year	mame	exact
Snow Bros. - Nick & Tom (Japan).mra	snowbrosj	1990	year	mame	exact
Snow Bros. 2 - With New Elves - Otenki Paradise (Hanafram).mra	snowbro2	1994	year	mame	exact
Soldam.mra	soldam	1992	year	mame	exact
Street Smart (US Version 2).mra	streetsm	1989	year	mame	exact
Super Burger Time (World, Set 1).mra	supbtime	1990	year	mame	exact
Tatakae! Big Fighter (Japan).mra	bigfghtr	1989	year	mame	exact
Teenage Mutant Ninja Turtles - Turtles in Time (4 Players Ver. UAA).mra	tmnt2	1991	year	mame	exact
Teki Paki.mra	tekipaki	1991	year	mame	exact
Terra Cresta (YM3526 set 1).mra	terracre	1985	year	mame	exact
Terra Force (Japan).mra	terrafj	1987	year	mame	exact
The Cliffhanger - Edward Randy (World, Ver. 3).mra	edrandy	1990	year	mame	exact
The Legend of Kage (Rev 2) [CoC].mra	lkage	1984	year	mame	exact
The Lord of King (Japan).mra	lordofk	1989	year	mame	exact
The Lost Castle In Darkmist [CoC].mra	darkmist	1986	year	mame	exact
The Next Space (Japan).mra	tnextspcj	1989	year	mame	exact
Thunder Dragon (8th Jan. 1992).mra	tdragon	1991	year	mame	exact
Thunder Zone (World, Rev 1).mra	thndzone	1991	year	mame	exact
Time Soldiers (US Rev 3).mra	timesold	1987	year	mame	exact
Truxton - Tatsujin.mra	truxton	1988	year	mame	exact
Truxton II - Tatsujin Oh.mra	truxton2	1992	year	mame	exact
Tumble Pop (World).mra	tumblep	1991	year	mame	exact
Vapor Trail - Hyper Offence Formation (World, Rev. 1).mra	vaportra	1989	year	mame	exact
Vimana (Japan).mra	vimanaj	1991	year	mame	exact
Wardner (World).mra	wardner	1987	year	mame	exact
Wizard Fire (World, v2.1).mra	wizdfire	1992	year	mame	exact
Zero Wing (2P Set).mra	zerowing	1989	year	mame	exact
280Z-ZZAP (US).mra	280zzzap	1976	year	mame	exact
4D Warriors (315-5162).mra	4dwarrio	1985	year	mame	exact
720 Degrees (rev 4).mra	720	1986	year	mame	exact
A.B. Cop (World).mra	abcop	1990	year	mame	exact
Act-Fancer Cybernetick Hyper Weapon (World revision 3).mra	actfancr	1989	year	mame	exact
Adventure Canoe.mra	adcanoe	1982	year	mame	exact
After Burner II.mra	aburner2	1987	year	mame	exact
After Burner (Ver 1.32).mra	aburner	1987	year	mame	exact
Ah Eikou no Koshien (Japan).mra	koshien	1990	year	mame	exact
Air Assault (World).mra	airass	1993	year	mame	exact
Air Duel (World, M72 hardware).mra	airduelm72	1990	year	mame	exact
Air Gallet (Europe).mra	agallet	1996	year	mame	exact
Airwolf.mra	airwolf	1987	year	mame	exact
Alcon Bootleg.mra	alcon	1986	year	mame	exact
Ali Baba and 40 Thieves.mra	alibaba	1982	year	mame	exact
Alien Arena (Stargate upgrade).mra	alienaru	1985	year	mame	exact
Alpine Ski.mra	alpine	1982	year	mame	exact
Amazing Maze.mra	maze	1976	year	mame	exact
Amidar (Scramble).mra	amidars	1982	year	mame	exact
Angler Dangler (DECO).mra	cadanglr	1982	year	mame	exact
Anteater.mra	anteater	1982	year	mame	exact
APB - All Points Bulletin (rev 7).mra	apb	1987	year	mame	exact
Arabian.mra	arabian	1983	year	mame	exact
Ark Area.mra	arkarea	1988	year	mame	exact
Arkanoid (W).mra	arkanoid	1986	year	mame	exact
Armored Car.mra	armorcar	1981	year	mame	exact
ASO.mra	aso	1985	year	mame	exact
Asteroids.mra	asteroid	1979	year	mame	exact
Asteroids Deluxe (v3 green).mra	astdelux	1980	year	mame	exact
Asteroids Deluxe (v3 orange).mra	astdelux	1980	year	mame	exact
Astra SuperStars (J 980514 V1.002).mra	astrass	1998	year	mame	exact
Astro Fantasia (DECO).mra	castfant	1981	year	mame	exact
Asuka & Asuka (World).mra	asuka	1988	year	mame	exact
Asura Blade - Sword of Dynasty (Japan).mra	asurabld	1998	year	mame	exact
Asura Buster - Eternal Warriors (USA).mra	asurabus	2001	year	mame	exact
Ataxx (rev 5).mra	ataxx	1990	year	mame	exact
Athena.mra	athena	1986	year	mame	exact
Atomic Robo-Kid.mra	robokid	1988	year	mame	exact
Attack Force.mra	attackfc	1979	year	mame	estimated
Azurian Attack.mra	azurian	1982	year	mame	exact
Back Fire (Tecmo).mra	backfirt	1988	year	mame	exact
Badlands.mra	badlands	1989	year	mame	exact
Bagman.mra	bagman	1982	year	mame	exact
Baku Baku Animal (J 950407 V1.000).mra	bakubaku	1995	year	mame	exact
Balloon Bomber.mra	ballbomb	1980	year	mame	exact
Baluba-louk no Densetsu (Japan).mra	baluba	1986	year	mame	exact
BankPanic.mra	bankp	1984	year	mame	exact
Batman.mra	batman	1991	year	mame	exact
Batman Forever (JUE 960507 V1.000).mra	batmanfr	1996	year	mame	exact
Battle K-Road.mra	btlkroad	1994	year	mame	exact
Battle of Atlantis.mra	atlantis2	1981	year	mame	exact
Battle Zone rev 2.mra	bzone	1980	year	mame	exact
Berzerk.mra	berzerk	1980	year	mame	exact
Billiard.mra	bilyard	1988	year	mra-fallback	fallback
Bio Attack.mra	bioatack	1983	year	mame	exact
Birdiy.mra	birdiy	1983	year	mame	exact
Bishoujo Senshi Sailor Moon (Version 95-03-22B, Japan).mra	sailormn	1995	year	mame	exact
Black Hole.mra	blkhole	1981	year	mame	exact
Black Widow.mra	bwidow	1982	year	mame	exact
Blade Master (World).mra	bmaster	1991	year	mame	exact
Blaster.mra	blaster	1983	year	mame	exact
Blasteroids.mra	blstroid	1987	year	mame	exact
Blasto.mra	blasto	1978	year	mame	exact
Block Gal.mra	blockgal	1987	year	mame	exact
Blockade.mra	blockade	1976	year	mame	exact
Blood Bros (World).mra	bloodbro	1990	year	mame	exact
Blue Print.mra	blueprnt	1982	year	mame	exact
Blue Shark.mra	blueshrk	1978	year	mame	exact
Bomb Jack.mra	bombjack	1984	year	mame	exact
Bomber Man - Dyna Blaster.mra	dynablst	1991	year	mame	exact
Bomber Man World - New Dyna Blaster - Global Quest.mra	bbmanw	1992	year	mame	exact
Bonze Adventure (World, rev 1).mra	bonzeadv	1988	year	mame	exact
Boogie Wings (Euro v1.5, 92.12.07).mra	boogwing	1992	year	mame	exact
Boot Hill.mra	boothill	1977	year	mame	exact
Bosconian - Star Destroyer (new version).mra	bosco	1981	year	mame	exact
Botanic (English, Spanish, Set 1).mra	botanic	1983	year	mame	exact
Boulder Dash (DECO).mra	cbdash	1985	year	mame	exact
Bradley Trainer.mra	bradley	1980	year	mame	exact
Breakout (TTL).mra	breakout	1976	year	mame	exact
Brute Force.mra	brutforc	1991	year	mame	exact
Bubbles.mra	bubbles	1982	year	mame	exact
Buck Rogers Planet of Zoom (not encrypted, set 1).mra	buckrogn	1982	year	mame	exact
Bull Fight (315-5056).mra	bullfgt	1984	year	mame	exact
Burger Time (DECO).mra	cbtime	1983	year	mame	exact
Burger Time (Set 1).mra	btime	1982	year	mame	exact
Burnin' Rubber.mra	brubber	1982	year	mame	exact
Burnin Rubber (DECO).mra	cburnrub	1982	year	mame	exact
Cadash (World).mra	cadash	1989	year	mame	exact
Calipso.mra	calipso	1982	year	mame	exact
Cameltry (World, YM2610).mra	cameltry	1989	year	mame	exact
Canyon Bomber.mra	canyon	1977	year	mame	exact
Carnival.mra	carnival	1980	year	mame	exact
Catacomb.mra	catacomb	1982	year	mame	exact
Cavelon.mra	cavelon	1983	year	mame	exact
Caveman Ninja (World ver 4).mra	cninja	1991	year	mame	exact
Centipede (Rev 4).mra	centiped	1980	year	mame	exact
Chameleon.mra	chameleo	1983	year	mame	exact
Champion Base Ball.mra	champbas	1983	year	mame	exact
Champion Base Ball Part-2.mra	champbb2	1983	year	mame	exact
Championship Sprint (rev 3).mra	csprint	1986	year	mame	exact
China Gate (US).mra	chinagat	1988	year	mame	exact
City Connection (set 1).mra	citycon	1985	year	mame	exact
Clean Sweep.mra	cleansweept	1982	year	mra-fallback	fallback
Cliff Hanger.mra	cliffhgr	1983	year	mame	exact
Clowns.mra	clowns	1978	year	mame	exact
Cluster Buster (DECO).mra	cgraplop	1983	year	mame	exact
Colony 7 (Set 1).mra	colony7	1981	year	mame	exact
Columns '97 (JET 961209 V1.000).mra	colmns97	1996	year	mame	exact
Combat Hawk.mra	combh	1987	year	mame	exact
CoMotion.mra	comotion	1976	year	mame	exact
Complex X.mra	complexx	1984	year	mame	exact
Computer Space.mra		1971	year	mra-fallback	fallback
Congo Bongo.mra	congo	1983	year	mame	exact
Cosmic Alien.mra	cosmica	1979	year	mame	exact
Cosmic Avenger.mra	cavenger	1981	year	mame	exact
Cosmic Guerilla.mra	cosmicg	1979	year	mame	exact
Cosmo.mra	cosmo	1979	year	mame	exact
Cosmo Police Galivan (12-26-1985).mra	galivan	1985	year	mame	exact
Cotton 2 (JUET 970902 V1.000).mra	cotton2	1997	year	mame	exact
Cotton Boomerang (JUET 980709 V1.000).mra	cottonbm	1998	year	mame	exact
Country Club.mra	countryc	1988	year	mame	exact
Crater Raider.mra	crater	1984	year	mame	exact
Crayon Shinchan Orato Asobo (Japan).mra	qcrayon2	1993	year	mame	exact
Crazy Balloon.mra	crbaloon	1980	year	mame	exact
Crazy Climber.mra	cclimber	1980	year	mame	exact
Crazy Kong (Kyoei).mra	ckong	1981	year	mame	exact
Crazy Kong Part II (Set 1).mra	ckongpt2	1981	year	mame	exact
Crude Buster (World FX version).mra	cbuster	1990	year	mame	exact
Crush Roller (Set 2).mra	crush2	1981	year	mame	exact
Crystal Castles.mra	ccastles	1983	year	mame	exact
D-Con.mra	dcon	1992	year	mame	exact
Danchi de Hanafuda (J 990607 V1.400).mra	danchih	1999	year	mame	exact
Danchi de Quiz Okusan Yontaku Desuyo! (J 001128 V1.200).mra	danchiq	2000	year	mame	exact
Danny Sullivan's Indy Heat (rev 1).mra	indyheat	1991	year	mame	exact
Daraku Tenshi The Fallen Angels.mra	daraku	1998	year	mame	exact
Darius II (Japan, rev 1).mra	darius2	1989	year	mame	exact
Darius (World).mra	darius	1986	year	mame	exact
Dark Planet.mra	darkplnt	1982	year	mame	exact
Dead Connection (World).mra	deadconx	1992	year	mame	exact
Decathlete (JUET 960709 V1.001).mra	decathlt	1996	year	mame	exact
DECO Darksoft Multigame (DECO).mra	decodark		not-applicable	policy-multigame	exact
DECO Test Tape (DECO).mra	ctsttape	1981	year	mame	exact
DECO Widel Multigame (DECO).mra	decomult		not-applicable	policy-multigame	exact
Defender (Red Label).mra	defender	1980	year	mame	exact
Demolition Derby (MCR-3 Mono Board Version).mra	demoderm	1984	year	mame	exact
Demon Front (ver. 105).mra	dmnfrnt	2002	year	mame	exact
Denjin Makai (set 1).mra	denjinmk	1994	year	mame	exact
Devil Fish (Galaxian Hardware).mra	devilfsg	1984	year	mra-fallback	fallback
Devil Zone.mra	devzone	1980	year	mame	exact
Die Hard Arcade (UET 960515 V1.000).mra	diehard	1996	year	mame	exact
Dig Dug II (New Ver).mra	digdug2	1985	year	mame	exact
Dig Dug (Rev 2).mra	digdug	1982	year	mame	exact
Dino Rex (World).mra	dinorex	1992	year	mame	exact
Discs of Tron.mra	dotron	1983	year	mame	exact
DoDonPachi II - Bee Storm (World, ver. 102).mra	ddp2	2001	year	mame	exact
DoDonPachi III (World, 2002.05.15 Master Ver).mra	ddp3	2002	year	mame	exact
DoDonPachi (World, 1997 2-5 Master Ver.).mra	ddonpach	1997	year	mame	exact
Domino Man.mra	domino	1982	year	mame	exact
Dominos.mra	dominos	1977	year	mame	exact
Don Doko Don (World, rev 1).mra	dondokod	1989	year	mame	exact
Donkey Kong 3 (US).mra	dkong3	1983	year	mame	exact
Donkey Kong Junior (US, Set F-2).mra	dkongjr	1982	year	mame	exact
Donkey Kong (US, Set 1).mra	dkong	1981	year	mame	exact
DonPachi (US).mra	donpachi	1995	year	mame	exact
Dorodon (Set 1).mra	dorodon	1982	year	mame	exact
Dottori-Kun (new).mra	dotrikun	1990	year	mame	exact
Dragon Blaze.mra	dragnblz	2000	year	mame	exact
Dragon Breed (Japan, M72 hardware).mra	dbreedjm72	1989	year	mame	exact
Dragon's Lair.mra	dlair	1983	year	mame	exact
Dragon World 2001 (ver. 100, Japan).mra	dw2001	2001	year	mame	exact
Dragon World 3 EX (ver. 100).mra	dwex	2000	year	mame	exact
Dragon World 3 (ver. 106).mra	drgw3	1998	year	mame	exact
Dream Shopper.mra	dremshpr	1982	year	mame	exact
Dream Soccer '94 (World, M107 hardware).mra	dsoccr94	1994	year	mame	exact
Drift Out (Europe).mra	driftout	1991	year	mame	exact
DS Telejan (DECO).mra	cdsteljn	1981	year	mame	exact
Eeek! (Pac-Man Conversion).mra	eeekkp	1984	year	mame	exact
Eggor.mra	eggor	1983	year	mame	exact
Ejihon Tantei Jimusyo (J 950613 V1.000).mra	ejihon	1995	year	mame	exact
Elevator Action.mra	elevator	1983	year	mame	exact
Eleven Beat.mra	11beat	1998	year	mame	exact
Eliminator (2 Players, set 2).mra	elim2a	1981	year	mame	exact
Empire Strikes Back.mra	esb	1985	year	mame	exact
Escape from the Planet of the Robot Monsters (set 1).mra	eprom	1989	year	mame	exact
ESP Ra.De. (World, 1998 4-22 International Ver.).mra	esprade	1998	year	mame	exact
Espgaluda (2003.10.15 Master Ver).mra	espgal	2003	year	mame	exact
Euro Champ '92 (World).mra	euroch92	1992	year	mame	exact
Exciting Soccer.mra	exctsccr	1983	year	mame	exact
Exciting Soccer II.mra	exctscc2	1984	year	mame	exact
Exerion (Taito).mra	exeriont	1983	year	mame	exact
Explorer (DECO).mra	cexplore	1982	year	mame	exact
Express Raider.mra	exprraid	1986	year	mame	exact
Extra Bases.mra	ebases	1980	year	mame	exact
Eyes (US, Set 1).mra	eyes	1982	year	mame	exact
Fantasy.mra	fantasyu	1981	year	mame	exact
Fantasy Zone II - The Tears of Opa-Opa.mra	fantzn2	1988	year	mame	exact
Faster, Harder, More Challenging Q`Bert (prototype).mra	sqbert	1983	year	mame	exact
Fever SOS (World, 98-09-25 VER).mra	feversos	1998	year	mame	exact
Fighting Golf.mra	fitegolf	1988	year	mame	exact
Fighting Ice Hockey (DECO).mra	cfghtice	1984	year	mame	exact
Final Blow (World).mra	finalb	1988	year	mame	exact
Final Fight Revenge - Final Revenge (JUET 990930 V1.100).mra	ffreveng	1999	year	mame	exact
Finalizer - Super Transformation (Set 1).mra	finalizr	1985	year	mame	exact
Find Love (J 971212 V1.000).mra	findlove	1997	year	mame	exact
Flash Boy (DECO).mra	cfboy0a1	1981	year	mame	exact
Flashgal.mra	flashgal	1985	year	mame	exact
Flicky (128k Version, 315-5051).mra	flicky	1984	year	mame	exact
Flying Ball (DECO).mra	cflyball	1985	year	mame	exact
Food Fight (Rev 3).mra	foodf	1982	year	mame	exact
Football Champ - Euro Football Champ (World).mra	footchmp	1990	year	mame	exact
Freeze.mra	freeze	1984	year	mame	exact
Frenzy (Rev RA1).mra	frenzy	1982	year	mame	exact
Frogger (Konami Bugfixed).mra	frogger	1981	year	mame	exact
Front Line.mra	frontlin	1982	year	mame	exact
Funky Fish.mra	fnkyfish	1981	year	mame	exact
Funky Head Boxers (JUETBKAL 951218 V1.000).mra	fhboxers	1995	year	mame	exact
Future Spy (315-5061).mra	futspy	1984	year	mame	exact
Gaia Crusaders.mra	gaia	1999	year	mame	exact
Galactic Warriors.mra	gwarrior	1985	year	mame	exact
Galaga 3 - Gaplus (GP2 Rev B).mra	gaplus	1984	year	mame	exact
Galaga (Midway, Set 1).mra	galagamw	1981	year	mame	exact
Galaxian (Namco, Set 1).mra	galaxian	1979	year	mame	exact
Galaxy Wars (Universal, Set 1).mra	galxwars	1979	year	mame	exact
Gallop - Armed Police Unit (Japan, M72 hardware).mra	gallopm72	1991	year	mame	exact
Galmedes (Japan).mra	galmedes	1992	year	mame	exact
Gauntlet II.mra	gaunt2	1986	year	mame	exact
Gauntlet (rev 14).mra	gauntlet	1985	year	mame	exact
Gemini Wing.mra	gemini	1987	year	mame	exact
Godzilla (Japan).mra	godzilla	1993	year	mame	exact
Gogetsuji Legends (US, Ver. 95.06.20).mra	plegends	1995	year	mame	exact
Golden Axe - The Duel (JUETL 950117 V1.000).mra	gaxeduel	1994	year	mame	exact
Gorf.mra	gorf	1981	year	mame	exact
Gorodki.mra	gorodki	1988	year	mra-fallback	fallback
GP Rider (World).mra	gpriders	1990	year	mame	exact
Gradius.mra	gradius	1985	year	mame	exact
Grasspin.mra	grasspin	1983	year	mame	exact
Gravitar (Ver 3).mra	gravitar	1982	year	mame	exact
Grobda (W, New Ver.).mra	grobda	1984	year	mame	exact
Groove on Fight - Gouketsuji Ichizoku 3 (J 970416 V1.001).mra	groovef	1997	year	mame	exact
Growl (World, Rev 1).mra	growl	1990	year	mame	exact
Guardian Force (JUET 980318 V0.105).mra	grdforce	1998	year	mame	exact
Guardians (Denjin Makai II).mra	grdians	1995	year	mame	exact
Gulf War II (set 1).mra	gulfwar2	1991	year	mame	exact
Gun Fight.mra	gunfight	1975	year	mame	exact
Gun Force II (US).mra	gunforc2	1994	year	mame	exact
Gun & Frontier (World).mra	gunfront	1990	year	mame	exact
Gunbarich.mra	gnbarich	2001	year	mame	exact
Gunbird 2 (set 1).mra	gunbird2	1998	year	mame	exact
Gunbird (World).mra	gunbird	1994	year	mame	exact
Gunforce - Battle Fire Engulfed Terror Island (World).mra	gunforce	1991	year	mame	exact
Guwange (Japan, 1999 6-24 Master Ver 16-55).mra	guwange	1999	year	mame	exact
Gyakuten!! Puzzle Bancho (Japan, set 1).mra	pbancho	1996	year	mame	exact
Gyrodine.mra	gyrodine	1984	year	mame	exact
Gyruss.mra	gyruss	1983	year	mame	exact
Hammerin' Harry (US, M84 hardware).mra	hharryu	1990	year	mame	exact
Hanabi de Doon! - Don-chan Puzzle.mra	doncdoon	2003	year	mame	exact
Hanagumi Taisen Columns - Sakura Wars (J 971007 V1.010).mra	hanagumi	1997	year	mame	exact
Hang On Jr.mra	hangonjr	1985	year	mame	exact
Hard Hat.mra	hardhat	1982	year	mame	exact
Heated Barrel (World version 3).mra	heatbrl	1992	year	mame	exact
Hi Pai Paradise.mra	hipai	2003	year	mame	exact
Hi Pai Paradise 2.mra	hipai2	2004	year	mame	exact
High Way Race.mra	hwrace	1983	year	mame	exact
Highway Chase (DECO).mra	chwy	1980	year	mame	exact
Hook (World).mra	hook	1992	year	mame	exact
Horizon (Irem).mra	horizon	1985	year	mame	exact
Hotdog Storm (Korea).mra	hotdogst	1996	year	mame	exact
Hustle.mra	hustle	1977	year	mame	exact
Hyper Duel.mra	hyprduel	1993	year	mame	exact
I'm Sorry (US, 315-5110).mra	imsorry	1985	year	mame	exact
Ikari Warriors.mra	ikari	1986	year	mame	exact
Image Fight (World).mra	imgfight	1988	year	mame	exact
In The Hunt (World).mra	inthunt	1993	year	mame	exact
Indiana Jones (set 4).mra	indytemp4	1985	year	mame	exact
Inferno (Williams).mra	inferno	1984	year	mame	exact
Iron Horse (Ver. K).mra	ironhors	1986	year	mame	exact
Ironman Ivan Stewart's Super Off-Road (rev 4).mra	offroad	1989	year	mame	exact
Ironman Ivan Stewart's Super Off-Road Track-Pak (rev 4).mra	offroadt	1989	year	mame	exact
Jack the Giantkiller (set 1).mra	jack	1982	year	mame	exact
Jackal (W).mra	jackal	1986	year	mame	exact
Jailbreak.mra	jailbrek	1986	year	mame	exact
Jin.mra	jin	1982	year	mame	exact
Journey.mra	journey	1983	year	mame	exact
Joust.mra	joust	1982	year	mame	exact
Joust 2 - Survival of the Fittest (revision 2).mra	joust2	1986	year	mame	exact
Jr. Pac-Man.mra	jrpacman	1983	year	mame	exact
Jump Shot.mra	jumpshot	1985	year	mame	exact
Jungle King (Japan).mra	junglek	1982	year	mame	exact
Juno First.mra	junofrst	1983	year	mame	exact
Kangaroo.mra	kangaroo	1982	year	mame	exact
Karaoke Quiz Intro Don Don! (J 960213 V1.000).mra	introdon	1996	year	mame	exact
Ketsui - Kizuna Jigoku Tachi (2003.01.01. Master Ver.).mra	ket	2002	year	mame	exact
Kick.mra	kick	1981	year	mame	exact
Kick And Run.mra	kicknrun	1986	year	mame	exact
Kid Niki - Radical Ninja (W).mra	kidniki	1986	year	mame	exact
King and Balloon (US).mra	kingball	1980	year	mame	exact
Klax.mra	klax	1990	year	mame	exact
Knights of Valour 2 (ver. 107).mra	kov2	2000	year	mame	exact
Knights of Valour Super Heroes (ver. 104, CN).mra	kovsh	1999	year	mame	exact
Kokontouzai Eto Monogatari (Japan).mra	eto	1994	year	mame	exact
Konek Gorbunok.mra	konek	1988	year	mra-fallback	fallback
Kot-Rybolov.mra	kot	1988	year	mra-fallback	fallback
Kozmik Krooz'r.mra	kroozr	1982	year	mame	exact
Kram.mra	kram	1982	year	mame	exact
Kung-Fu Master (W).mra	kungfum	1984	year	mame	exact
Kurukuru Fever.mra	kurufev	2003	year	mame	exact
Lady Bug.mra	ladybug	1981	year	mame	exact
Laguna Racer.mra	lagunar	1977	year	mame	exact
Last Survivor.mra	lastsurv	1989	year	mame	exact
Legend.mra	legend	1986	year	mame	exact
Legend of Hero Tonma (Japan).mra	lohtj	1989	year	mame	exact
Legionnaire (World).mra	legionna	1992	year	mame	exact
Lethal Thunder (World).mra	lethalth	1991	year	mame	exact
Line of Fire (World).mra	loffire	1989	year	mame	exact
Liquid Kids (World).mra	liquidk	1990	year	mame	exact
Lizard Wizard.mra	lizwiz	1985	year	mame	exact
Lock'n'Chase (DECO).mra	clocknch	1981	year	mame	exact
Lode Runner - The Dig Fight (ver. B).mra	loderndf	2000	year	mame	exact
Lode Runner II - The Bungeling Strikes Back.mra	ldrun2	1984	year	mame	exact
Lode Runner III - The Golden Labyrinth.mra	ldrun3	1985	year	mame	exact
Lode Runner IV - Teikoku Karano Dasshutsu (JP).mra	ldrun4	1986	year	mame	exact
Lode Runner (Set 1).mra	ldrun	1984	year	mame	exact
Lost Tomb.mra	losttomb	1982	year	mame	exact
Lucky Poker (DECO).mra	cluckypo	1981	year	mame	exact
Lucky Today.mra	luctoday	1980	year	mame	exact
Lunar Lander.mra	llander	1979	year	mame	exact
Lunar Rescue.mra	lrescue	1979	year	mame	exact
Lupin III (Set 2).mra	lupin3a	1980	year	mame	exact
Mad Planets.mra	mplanets	1983	year	mame	exact
Magical Error wo Sagase.mra	magerror	1994	year	mame	exact
Magical Spot.mra	magspot	1980	year	mame	exact
Magical Tetris Challenge (981009 Japan).mra	mtetrisc	1998	year	mame	exact
Mahjong G-Taste.mra	mjgtaste	2002	year	mame	exact
Mahjong Hot Gimmick Integral (Japan).mra	hotgmcki	2001	year	mame	exact
Major Havoc.mra	mhavoc	1983	year	mame	exact
Major Title 2 (World, set 1).mra	majtitl2	1992	year	mame	exact
Manhattan (Japan) (DECO).mra	cmanhat	1981	year	mame	exact
Mappy (US).mra	mappy	1983	year	mame	exact
Marble Madness II (prototype).mra	marblmd2	1991	year	mame	exact
Marble Madness (set 5 - LSI).mra	marble5	1984	year	mame	exact
Mario Bros. (US, Rev G).mra	mario	1983	year	mame	exact
Mars.mra	mars	1981	year	mame	exact
Martial Masters (ver. 104, 102, 102US).mra	martmast	2001	year	mame	exact
Maru-Chan de Goo! (J 971216 V1.000).mra	maruchan	1997	year	mame	exact
Mausuke no Ojama the World (J 960314 V1.000).mra	mausuke	1996	year	mame	exact
Max RPM (v2).mra	maxrpm	1986	year	mame	exact
Mayday (Set 1).mra	mayday	1980	year	mame	exact
Mayjinsen 3.mra	mayjin3	2000	year	mame	exact
Maze of Flott (Japan).mra	mofflott	1989	year	mame	exact
Mazinger Z (World).mra	mazinger	1994	year	mame	exact
Mega Blast (World).mra	megablst	1989	year	mame	exact
Megumi Rescue (Japan).mra	megrescu	1987	year	mame	exact
Metal Black (World).mra	metalb	1991	year	mame	exact
Metamoqester (World).mra	metmqstr	1995	year	mame	exact
Mighty Monkey (Scramble Hardware) [bl].mra	mimonscr	1982	year	mame	exact
Minefield.mra	minefld	1983	year	mame	exact
Missile Command (rev 3).mra	missile	1980	year	mame	exact
Mission-X (DECO).mra	cmissnx	1982	year	mame	exact
Mister Viking (315-5041).mra	mrviking	1984	year	mame	exact
Moon Cresta (Galaxian Hardware) [bl].mra	mooncrgx	1980	year	mame	exact
Moon Patrol.mra	mpatrol	1982	year	mame	exact
Moon Quasar.mra	moonqsr	1980	year	mame	exact
Moon War.mra	moonwar	1981	year	mame	exact
Motos.mra	motos	1985	year	mame	exact
Mouse Trap.mra	mtrap	1981	year	mame	exact
Mr. Do!.mra	mrdo	1982	year	mame	exact
Mr. Do Nightmare.mra	mrdonight	2004	year	mra-fallback	fallback
Mr. Goemon.mra	mrgoemon	1986	year	mame	exact
Mr. HELI no Daibouken (Japan).mra	mrheli	1987	year	mame	exact
Mr. Jong.mra	mrjong	1983	year	mame	exact
Mr. TNT.mra	mrtnt	1983	year	mame	exact
Ms. Pac-Man.mra	mspacman	1981	year	mame	exact
Mutant Night.mra	mnight	1987	year	mame	exact
My Hero (US, not Encrypted).mra	myhero	1985	year	mame	exact
Mystic Marathon.mra	mysticm	1983	year	mame	exact
Mystic Riders (World).mra	mysticri	1992	year	mame	exact
Naughty Boy (Jaleco).mra	naughtyb	1982	year	mame	exact
Nebula (DECO).mra	cnebula	1981	year	mame	exact
New Rally-X.mra	nrallyx	1981	year	mame	exact
Nibbler (Set 9).mra	nibbler	1982	year	mame	exact
Night Slashers (Korea Rev 1.3, DE-0397-0 PCB).mra	nslasher	1994	year	mame	exact
Night Star (DECO).mra	cnightst	1983	year	mame	exact
Ninja-Kid II.mra	ninjakd2	1987	year	mame	exact
Ninja Baseball Bat Man (World).mra	nbbatman	1993	year	mame	exact
Ninja Spirit (Japan).mra	nspiritj	1988	year	mame	exact
Ninjakun.mra	ninjakun	1984	year	mame	exact
No Mans Land.mra	nomnlnd	1980	year	mame	exact
Nova 2001.mra	nova2001	1983	year	mame	exact
Number Crash.mra	numcrash	1983	year	mame	exact
Ocean To Ocean (DECO).mra	cocean6b	1981	year	mame	exact
Off the Wall.mra	offtwall	1991	year	mame	exact
Omega Fighter.mra	omegaf	1989	year	mame	exact
Oozumou - Grand Sumo (DECO).mra	coozumou	1984	year	mame	exact
Opa Opa.mra	opaopa	1987	year	mame	exact
Orbitron.mra	orbitron	1982	year	mame	exact
Oriental Legend (ver. 126).mra	orlegend	1997	year	mame	exact
Othello Shiyouyo (J 980423 V1.002).mra	othellos	1998	year	mame	exact
Pac-Man - Puck Man (JP, Set 1).mra	puckman	1980	year	mame	exact
Pac-Man Club- Club Lambada (AR).mra	clubpacm	1989	year	mame	exact
Pac-Man Plus.mra	pacplus	1982	year	mame	exact
Pac-Manic Miner.mra		2013	year	mra-fallback	fallback
Pac & Pal.mra	pacnpal	1983	year	mame	exact
Paperboy (rev 3).mra	paperboy	1984	year	mame	exact
Pebble Beach - The Great Shot (JUE 950913 V0.990).mra	pblbeach	1995	year	mame	exact
Pengo (Set 1, Rev C).mra	pengo	1982	year	mame	exact
Penguin-Kun Wars.mra	pkunwar	1985	year	mame	exact
Pepper II.mra	pepper2	1982	year	mame	exact
Performan (Japan).mra	perfrman	1985	year	mame	exact
Peter Pack Rat.mra	peterpak	1984	year	mame	exact
Peter Pepper's Ice Cream Factory (DECO).mra	cppicf	1984	year	mame	exact
PGM (Polygame Master) System BIOS.mra	pgm		not-applicable	policy-bios	exact
Phoenix (Amstar, Set 1).mra	phoenix	1980	year	mame	exact
Photo Y2K (ver. 105).mra	photoy2k	1999	year	mame	exact
Pickin'.mra	pickin	1983	year	mame	exact
Pig Out Dine Like a Swine! (rev 2).mra	pigout	1990	year	mame	exact
Pinball Action.mra	pbaction	1985	year	mame	exact
Pioneer Balloon.mra	pballoon	1982	year	mame	exact
Pisces.mra	pisces	1982	year	mra-fallback	fallback
Pitfall II.mra	pitfall2	1985	year	mame	exact
Planet Probe.mra	pprobe	1985	year	mame	exact
Playball (Prototype).mra	playball	1983	year	mame	exact
Pleiads (Tehkan).mra	pleiads	1981	year	mame	exact
Polaris.mra	polaris	1980	year	mame	exact
Pole Position.mra	polepos	1982	year	mame	exact
Pole Position II.mra	polepos2	1983	year	mame	exact
Poly Play.mra	polyplay	1986	year	mame	exact
Poly Play 2.mra	polyplay2	1989	year	mame	exact
Pong (Rev E).mra	pong	1972	year	mame	exact
Ponpoko.mra	ponpoko	1982	year	mame	exact
Pooyan.mra	pooyan	1982	year	mame	exact
Pop Flamer (Bootleg conversion).mra	popflamn	1982	year	mra-fallback	fallback
Popeye (Rev D).mra	popeye	1982	year	mame	exact
Port Man (bootleg on Moon Cresta hardware).mra	porter	1982	year	mame	exact
Power Drive.mra	powerdrv	1986	year	mame	exact
Power Instinct 2 (US, Ver. 94.04.08, set 1).mra	pwrinst2	1994	year	mame	exact
Primal Rage (version 2.3, Jan 1995).mra	primrage	1994	year	mame	exact
Princess Clara Daisakusen (J 960910 V1.000).mra	prikura	1996	year	mame	exact
Pro Bowling (DECO).mra	cprobowl	1983	year	mame	exact
Pro Mahjong Kiwame S (J 951020 V1.208).mra	kiwames	1995	year	mame	exact
Pro Soccer (DECO).mra	cpsoccer	1983	year	mame	exact
Pro Tennis (DECO).mra	cptennis	1982	year	mame	exact
Psychic 5 (World).mra	psychic5	1987	year	mame	exact
PuLiRuLa (World, dual PCB).mra	pulirula	1991	year	mame	exact
Pulsar.mra	pulsar	1981	year	mame	exact
Puyo Puyo Sun (J 961115 V0.001).mra	puyosun	1996	year	mame	exact
Puzzle & Action- Sando-R (J 951114 V1.000).mra	sandor	1995	year	mame	exact
Puzzle Star (ver. 100MG, WORLD).mra	puzlstar	1999	year	mame	exact
Puzzle Uo Poko (World).mra	uopoko	1998	year	mame	exact
Puzzli 2 (ver. 100, WORLD).mra	puzzli2	1999	year	mame	exact
Q'bert (US, Set 1).mra	qbert	1982	year	mame	exact
QBert Qubes.mra	qbertqub	1983	year	mame	exact
Qix.mra	qix	1981	year	mame	exact
Qix II (Tournament).mra	qix2	1981	year	mame	exact
Quiz Chikyu Bouei Gun (Japan).mra	qzchikyu	1991	year	mame	exact
Quiz Crayon Shinchan (Japan).mra	qcrayon	1993	year	mame	exact
Quiz de Idol! Hot Debut (Japan).mra	hotdebut	2000	year	mame	exact
Quiz H.Q. (Japan).mra	quizhq	1990	year	mame	exact
Quiz Jinsei Gekijoh (Japan).mra	qjinsei	1992	year	mame	exact
Quiz Quest - Hime to Yuusha no Monogatari (Japan).mra	qzquest	1991	year	mame	exact
Quiz Torimonochou (Japan).mra	qtorimon	1990	year	mame	exact
R-Type II (World).mra	rtype2	1989	year	mame	exact
R-Type Leo (World).mra	rtypeleo	1992	year	mame	exact
R-Type (World).mra	rtype	1987	year	mame	exact
Racing Hero.mra	rachero	1989	year	mame	exact
Radar Scope (rev. D).mra	radarscp	1980	year	mame	exact
Radiant Silvergun (JUET 980523 V1.000).mra	rsgun	1998	year	mame	exact
Rafflesia (315-5162).mra	raflesia	1986	year	mame	exact
Raiden DX (UK).mra	raidendx	1994	year	mame	exact
Raiden II (US, set 1).mra	raiden2	1993	year	mame	exact
Raiden (World).mra	raiden	1990	year	mame	exact
Raiders5.mra	raiders5	1985	year	mame	exact
Rally-X (32k Ver).mra	rallyx	1980	year	mame	exact
Rampage (Rev 3, 860827).mra	rampage	1986	year	mame	exact
Rampart.mra	rampart	1990	year	mame	exact
Reactor.mra	reactor	1982	year	mame	exact
Red Baron.mra	redbarona	1980	year	mame	exact
Regulus (315-5033, Rev A).mra	regulus	1983	year	mame	exact
Relief Pitcher.mra	relief	1992	year	mame	exact
Repulse.mra	repulse	1985	year	mame	exact
Rescue.mra	rescue	1982	year	mame	exact
Riddle of Pythagoras (Japan).mra	ridleofp	1986	year	mame	exact
Ring King (US set 1).mra	ringking	1985	year	mame	exact
Risky Challenge.mra	riskchal	1993	year	mame	exact
River Patrol (JP, Unprotected).mra	rpatroln	1981	year	mame	exact
Road Blasters (upright, rev 4).mra	roadblst	1987	year	mame	exact
Road Runner (rev 2).mra	roadrunn	1985	year	mame	exact
Robotron 2084.mra	robotron	1982	year	mame	exact
Rootin' Tootin' (DECO).mra	clapapa2	1983	year	mame	exact
Rush'n Attack - Green Beret.mra	gberet	1985	year	mame	exact
Rygar.mra	rygar	1986	year	mame	exact
S.O.S..mra	sosterm	1988	year	mra-fallback	fallback
S.V.G. - Spectral vs Generation (ver. 200).mra	svg	2005	year	mame	exact
Salamander (version D).mra	salamand	1986	year	mame	exact
Samurai Aces (World).mra	samuraia	1993	year	mame	exact
Sarge.mra	sarge	1985	year	mame	exact
Sasuke.mra	sasuke	1980	year	mame	exact
Satan Of Saturn.mra	satansat	1981	year	mame	exact
Satan's Hollow (Set 1).mra	shollow	1981	year	mame	exact
Saturn.mra	saturnzi	1983	year	mame	exact
Scooter Shooter.mra	scotrsht	1985	year	mame	exact
Scramble (Stern, Set 1).mra	scramble	1981	year	mame	exact
Scrum Try (DECO).mra	cscrtry	1984	year	mame	exact
SD Gundam Psycho Salamander no Kyoui.mra	sdgndmps	1991	year	mame	exact
SD Gundam Sangokushi Rainbow Tairiku Senki (Japan).mra	grainbow	1993	year	mame	exact
Sea Bass Fishing (JUET 971110 V0.001).mra	seabass	1997	year	mame	exact
Sea Fighter Poseidon.mra	sfposeid	1984	year	mame	exact
Sea Wolf II.mra	seawolf2	1978	year	mame	exact
Sea Wolf (Set 1).mra	seawolf	1976	year	mame	exact
Sega Ninja (315-5102).mra	seganinj	1985	year	mame	exact
Seibu Cup Soccer (set 1).mra	cupsoc	1992	year	mame	exact
Shanghai - The Great Wall - Shanghai Triple Threat (JUE 950623 V1.005).mra	shanhigw	1995	year	mame	exact
Shienryu (JUET 961226 V1.000).mra	shienryu	1997	year	mame	exact
Shot Rider (B-Board 89624B-1).mra	shtrider	1985	year	mame	exact
Shuffleboard.mra	shuffle	1978	year	mame	exact
Shuuz.mra	shuuz	1990	year	mame	exact
Silkworm.mra	silkworm	1988	year	mame	exact
Silver Land.mra	silvland	1981	year	mame	exact
Sinistar.mra	sinistar	1982	year	mame	exact
Skater (DECO).mra	cskater	1983	year	mame	exact
SkullXBones.mra	skullxbo	1989	year	mame	exact
Sky Skipper.mra	skyskipr	1981	year	mame	exact
Sky Smasher.mra	skysmash	1990	year	mame	exact
Slap Shooter.mra	slapshtr	1986	year	mame	exact
Slither.mra	slither	1982	year	mame	exact
Snap Jack.mra	snapjack	1981	year	mame	exact
Snezhnaja Koroleva.mra	koroleva	1988	year	mra-fallback	fallback
Sol Divide Sword Of Darkness.mra	soldivid	1997	year	mame	exact
Solar Fox.mra	solarfox	1981	year	mame	exact
Solitary Fighter (World).mra	solfigtr	1991	year	mame	exact
Solomon's Key.mra	solomon	1986	year	mame	exact
SonSon.mra	sonson	1984	year	mame	exact
Soukyugurentai - Terra Diver (JUET 960821 V1.000).mra	sokyugrt	1996	year	mame	exact
Space Ace.mra	spaceace	1983	year	mame	exact
Space Bomber (ver. B).mra	sbomber	1998	year	mame	exact
Space Chaser.mra	schaser	1979	year	mame	exact
Space Cruiser.mra	spacecr	1981	year	mame	exact
Space Demon.mra	SpaceDemon	1980	year	mra-fallback	fallback
Space Dungeon.mra	sdungeon	1981	year	mame	exact
Space Encounters.mra	spcenctr	1980	year	mame	exact
Space Firebird.mra	spacefb	1980	year	mame	exact
Space Fury (revision C).mra	spacfury	1981	year	mame	exact
Space Invaders.mra	invaders	1978	year	mame	exact
Space Invaders Part II (Taito, Bigger ROMs).mra	invadpt2	1979	year	mame	exact
Space Panic.mra	panic	1980	year	mame	exact
Space Race [TTL].mra	spacerace	1973	year	mra-fallback	fallback
Space Seeker.mra	spaceskr	1981	year	mame	exact
Space Zap.mra	spacezap	1980	year	mame	exact
Spatter (315-5xxx).mra	spatter	1984	year	mame	exact
Spectar.mra	spectar	1980	year	mame	exact
Speed Coin.mra	spdcoin	1984	year	mame	exact
Spelunker.mra	spelunkr	1985	year	mame	exact
Spelunker II - 23 no Kagi (JP).mra	spelunk2	1986	year	mame	exact
Splat!.mra	splat	1982	year	mame	exact
Sprint 1.mra	sprint1	1978	year	mame	exact
Sprint 2.mra	sprint2	1976	year	mame	exact
Spy Hunter.mra	spyhunt	1983	year	mame	exact
Squash.mra	squaitsa	1984	year	mame	exact
SRD Mission.mra	srdmissn	1986	year	mame	exact
Star Force.mra	starforc	1984	year	mame	exact
Star Guards.mra	stargrds	1987	year	mame	exact
Star Jacker.mra	starjack	1983	year	mame	exact
Star Soldier - Vanishing Earth.mra	starsldr	1998	year	mame	exact
Star Trek.mra	startrek	1982	year	mame	exact
Star Wars (Rev 2).mra	starwars	1983	year	mame	exact
Stargate.mra	stargate	1981	year	mame	exact
Steep Slope Sliders (JUET 981110 V1.000).mra	sss	1998	year	mame	exact
Strategy X.mra	stratgyx	1981	year	mame	exact
Strikers 1945 II.mra	s1945ii	1997	year	mame	exact
Strikers 1945 III.mra	s1945iii	1999	year	mame	exact
Strikers 1945 (World).mra	s1945	1995	year	mame	exact
Subs.mra	subs	1977	year	mame	exact
Suikoenbu - Outlaws of the Lost Dynasty (JUETL 950314 V2.001).mra	suikoenb	1995	year	mame	exact
Super Astro Fighter (DECO).mra	csuperas	1981	year	mame	exact
Super Bagman.mra	sbagman	1984	year	mame	exact
Super Breakout (Rev 04).mra	sbrkout	1978	year	mame	exact
Super Casino.mra	sucasino	1984	year	mame	exact
Super Cobra.mra	scobra	1981	year	mame	exact
Super Doubles Tennis (DECO).mra	csdtenis	1983	year	mame	exact
Super Glob (Pac-Man, German) [bl].mra	sprglbpg	1984	year	mame	exact
Super Locomotive.mra	suprloco	1982	year	mame	exact
Super Major League (U 960108 V1.000).mra	smleague	1995	year	mame	exact
Super Monaco GP (World, Rev B).mra	smgp	1989	year	mame	exact
Super Pac-Man.mra	superpac	1982	year	mame	exact
Super Real Mahjong VS (Rev A).mra	srmvs	1999	year	mame	exact
Super Space Invaders '91 (World, revised code, Rev 1).mra	ssi	1990	year	mame	exact
Super Sprint (rev 4).mra	ssprint	1986	year	mame	exact
Super Xevious.mra	sxevious	1984	year	mame	exact
Super Zaxxon (315-5013).mra	szaxxon	1982	year	mame	exact
Superior Soldiers (US).mra	ssoldier	1993	year	mame	exact
Susume! Mile Smile - Go Go! Mile Smile (newer).mra	gogomile	1995	year	mame	exact
Swat (315-5048).mra	swat	1984	year	mame	exact
Sweet Heart (DECO).mra	csweetht	1982	year	mame	exact
T-MEK (v5.1, The Warlords).mra	tmek	1994	year	mame	exact
Tac-Scan.mra	tacscan	1982	year	mame	exact
Taisen Hot Gimmick 3 Digital Surfing (Japan).mra	hotgmck3	1999	year	mame	exact
Taisen Hot Gimmick 4 Ever (Japan).mra	hotgm4ev	2000	year	mame	exact
Taisen Hot Gimmick (Japan).mra	hotgmck	1997	year	mame	exact
Taisen Hot Gimmick Kairakuten (Japan).mra	hgkairak	1998	year	mame	exact
Taisen Tanto-R Sashissu!! (J 980216 V1.000).mra	sasissu	1998	year	mame	exact
Talbot.mra	talbot	1982	year	mame	exact
Tank Battalion.mra	tankbatt	1980	year	mame	exact
Tapper (Budweiser, 840127).mra	tapper	1983	year	mame	exact
TARG.mra	targ	1980	year	mame	exact
Tazz-Mania (Set 1).mra	tazmania	1982	year	mame	exact
Tecmo World Cup '98 (JUET 980410 V1.000).mra	twcup98	1998	year	mame	exact
TeddyBoy Blues (315-5115, New Ver).mra	teddybb	1985	year	mame	exact
Tempest.mra	tempest	1980	year	mame	exact
Tengai (World).mra	tengai	1996	year	mame	exact
Terranean (DECO).mra	cterrani	1981	year	mame	exact
Tetris.mra	atetris	1988	year	mame	exact
Tetris (Japan, System E).mra	tetrisse	1988	year	mame	exact
Tetris The Absolute - The Grand Master 2.mra	tgm2	2000	year	mame	exact
The Adventures of Robby Roto!.mra	robby	1981	year	mame	exact
The Battle-Road.mra	battroad	1984	year	mame	exact
The Cliffhanger - Edward Randy (World ver 3).mra	edrandy	1990	year	mame	exact
The Electric Yo-Yo.mra	elecyoyo	1982	year	mame	exact
The End.mra	theend	1980	year	mame	exact
The Gladiator (ver. 107).mra	theglad	2003	year	mame	exact
The Killing Blade Plus (China, ver. 300).mra	killbldp	2005	year	mame	exact
The Killing Blade (ver. 109, Chinese Board).mra	killbld	1998	year	mame	exact
The Ninja Kids (World).mra	ninjak	1990	year	mame	exact
The Ninja Warriors (World).mra	ninjaw	1987	year	mame	exact
The Tin Star.mra	tinstar	1983	year	mame	exact
The Tower (DECO).mra	ctower	1981	year	mame	exact
The Tower of Druaga.mra	todruaga	1984	year	mame	exact
Thunder Blade (upright).mra	thndrbld	1987	year	mame	exact
Thunder Fox (World, rev 1).mra	thundfox	1990	year	mame	exact
Thunder Heroes (set 1).mra	theroes	2001	year	mame	exact
Tiger Heli Bootleg.mra	tigerhb1	1985	year	mame	exact
Timber.mra	timber	1984	year	mame	exact
Time Pilot.mra	timeplt	1982	year	mame	exact
Time Pilot '84 (Set 1).mra	tp84	1984	year	mame	exact
Time Tunnel.mra	timetunl	1982	year	mame	exact
TNKIII.mra	tnk3	1985	year	mame	exact
Toobin.mra	toobin	1988	year	mame	exact
Tornado (DECO).mra	ctornado	1982	year	mame	exact
Tournament Pro Golf (DECO).mra	cprogolf	1981	year	mame	exact
Touryuu Densetsu Elan-Doree - Elan Doree - Legend of Dragoon (JUET 980922 V1.006).mra	elandore	1998	year	mame	exact
Tower & Shaft.mra	twrshaft	2003	year	mame	exact
Transformer.mra	transfrm	1986	year	mame	exact
Traverse USA- Zippy Race (US).mra	travrusa	1983	year	mame	exact
Treasure Island (DECO).mra	ctisland	1981	year	mame	exact
Tri-Pool (Casino Tech).mra	tripool	1981	year	mame	exact
Trio The Punch (World).mra	triothep	1989	year	mame	exact
Tron.mra	tron	1982	year	mame	exact
Tropical Angel.mra	troangel	1983	year	mame	exact
Turbo (program 1513-1515).mra	turbo	1981	year	mame	exact
Turbo Tag (Prototype).mra	turbotag	1985	year	mame	exact
Turkey Shoot - The Day They Took Over.mra	tshoot	1984	year	mame	exact
Turtles.mra	turtles	1981	year	mame	exact
Tutankham.mra	tutankhm	1982	year	mame	exact
TwinBee.mra	twinbee	1985	year	mame	exact
TwinBee (Bubble System).mra	twinbeeb	1985	year	mra-fallback	fallback
Two Tigers (Tron Conversion).mra	twotigerc	1984	year	mame	exact
U.N. Defense Force - Earth Joker (US-Japan, set 1).mra	earthjkr	1993	year	mame	exact
Ufo Robo Dangar (4-07-1987).mra	dangar	1986	year	mame	exact
Ultra Tank.mra	ultratnk	1978	year	mame	exact
Undercover Cops (World).mra	uccops	1992	year	mame	exact
UniWar S.mra	uniwars	1980	year	mame	exact
Up'n Down.mra	upndown	1983	year	mame	exact
V'Ball (US).mra	vball	1988	year	mame	exact
Van-Van Car.mra	vanvan	1983	year	mame	exact
Vanguard.mra	vanguard	1981	year	mame	exact
Vapor Trail - Hyper Offence Formation (World revision 1).mra	vaportra	1989	year	mame	exact
Vastar.mra	vastar	1983	year	mame	exact
Venture Revision 5.mra	venture	1981	year	mame	exact
Victory.mra	victorycb	1982	year	mame	exact
Victory (Exidy).mra	victory	1982	year	mame	exact
Victory Road.mra	victroad	1986	year	mame	exact
Vindicators.mra	vindictr	1988	year	mame	exact
Vindicators Part II (rev 3).mra	vindctr2	1988	year	mame	exact
Virtua Fighter Kids (JUET 960319 V0.000).mra	vfkids	1996	year	mame	exact
Virtua Fighter Remix (JUETBKAL 950428 V1.000).mra	vfremix	1995	year	mame	exact
Virtual Mahjong 2 - My Fair Lady (J 980608 V1.000).mra	myfairld	1998	year	mame	exact
Vivid Dolls.mra	vivdolls	1998	year	mame	exact
Vortex.mra	vortex	1980	year	mame	exact
Wacko.mra	wacko	1982	year	mame	exact
War of the Bugs.mra	warofbug	1981	year	mame	exact
Warrior Blade (Japan).mra	warriorb	1991	year	mame	exact
Water Match (315-5064).mra	wmatch	1984	year	mame	exact
Water Ski.mra	waterski	1983	year	mame	exact
Wild Western.mra	wwestern	1982	year	mame	exact
Winter Heat (JUET 971012 V1.000).mra	winterht	1997	year	mame	exact
Wizard of Wor.mra	wow	1980	year	mame	exact
Wonder Boy (Set 1, 315-5177).mra	wboy	1986	year	mame	exact
Woodpecker (Set 1).mra	woodpeck	1981	year	mame	exact
X Multiply (Japan, M72 hardware).mra	xmultiplm72	1989	year	mame	exact
Xain'd Sleena (bootleg, bugfixed).mra	xsleenaba	1987	year	mame	exact
Xevious.mra	xevious	1982	year	mame	exact
Xiyou Shi E Zhuan Super (ver. 103, China, Tencent) (unprotected).mra	olds103t	1998	year	mame	exact
Xybots.mra	xybots	1987	year	mame	exact
Youjyuden (JP).mra	youjyudn	1986	year	mame	exact
Zaxxon (Set 1, Rev D).mra	zaxxon	1982	year	mame	exact
Zektor (revision B).mra	zektor	1982	year	mame	exact
Zen Nippon Pro-Wrestling Featuring Virtua (J 971123 V1.000).mra	znpwfv	1997	year	mame	exact
Zeroize (DECO).mra	czeroize	1983	year	mame	exact
Zig Zag (Dig Dug Conversion) [bl].mra	zigzagb	1982	year	mame	exact
Zoo Keeper.mra	zookeep	1982	year	mame	exact
Zzyzzyxx (set 1).mra	zzyzzyxx	1982	year	mame	exact
Aero Fighters (FF, Video System, 1992).mra	aerofgt	1992	year	mame	exact
Alligator Hunt (FF, Gaelco, 1994).mra	aligator	1994	year	mame	exact
Altair (FF, Cidelsa, 1981).mra	altair	1981	year	mame	exact
Altair II (FF, Cidelsa, 198x).mra	altair2		unknown	none	unknown
Asterix (FF ver EAD).mra	asterix	1992	year	mame	exact
Beast Busters (FF, SNK, 1989).mra	bbusters	1989	year	mame	exact
Big Karnak (FF, Gaelco, 1991).mra	bigkarnk	1991	year	mame	exact
Biomechanical Toy (FF, Gaelco, 1995).mra	biomtoy	1995	year	mame	exact
Chequered Flag (FF, Konami, 1988).mra	chqflag	1988	year	mame	exact
Dead Angle (FF, Seibu, 1988).mra	deadang	1988	year	mame	exact
Destroyer (FF, Cidelsa, 1980).mra	destryer	1980	year	mame	exact
Detana!! Twin Bee (FF, Japan ver J, Konami, 1991).mra	detatwin	1991	year	mame	exact
Draco (FF, Cidelsa, 1981).mra	draco	1981	year	mame	exact
Empire City 1931 (FF, Seibu, 1986).mra	empcity	1986	year	mame	exact
Glass (FF, Gaelco, 1993).mra	glassa	1994	year	mame	exact
Guerrilla War (FF, SNK, 1987).mra	gwar	1987	year	mame	exact
Hammer Boy (FF, Dinamic-Inder, 1990).mra	hamboy	1990	year	mame	exact
Hot Chase (FF, Konami, 1988).mra	hotchase	1988	year	mame	exact
Konami GT (FF, Konami, 1985).mra	konamigt	1985	year	mame	exact
Martial Champion (FF ver EAB).mra	mtlchamp	1993	year	mame	exact
Mechanized Attack (FF, SNK, 1989).mra	mechatt	1989	year	mame	exact
Mega Phoenix (FF, Dinamic-Inder, 1991).mra	megaphx	1991	year	mame	exact
Mystic Warriors (FF ver EAA).mra	mystwarr	1993	year	mame	exact
Operation Wolf (FF, World, rev 2, set 1).mra	opwolf	1987	year	mame	exact
Over Drive (FF, Konami, 1990).mra	overdriv	1990	year	mame	exact
Shadow Force (FF, Technos, 1993).mra	shadfrce	1993	year	mame	exact
Squash (FF, Gaelco, 1992).mra	squash	1992	year	mame	exact
Sunset Riders (FF 2 Players ver EBD).mra	ssridersebd	1991	year	mame	exact
Sunset Riders (FF 4 Players ver EAC).mra	ssriders	1991	year	mame	exact
TH Strikes Back (FF, Gaelco, 1994).mra	thoop2	1994	year	mame	exact
Thunder Hoop (FF, Gaelco, 1992).mra	thoop	1992	year	mame	exact
WEC Le Mans 24 (FF, Konami, 1986).mra	wecleman	1986	year	mame	exact
Wild West C.O.W.-Boys of Moo Mesa (FF, Konami, 1992).mra	moomesa	1992	year	mame	exact
World Rally 2 (FF, Gaelco, 1995).mra	wrally2	1995	year	mame	exact
World Rally Championship (FF, Gaelco, 1993, checksum 3873).mra	wrallyc	1993	year	mame	exact
World Rally Championship (FF, Gaelco, 1993, checksum DE0D).mra	wrally	1993	year	mame	exact
Xexex (FF ver EAA).mra	xexex	1991	year	mame	exact
YoYo Spell (prototype) (FF, Inder, 1992).mra	yoyospel	1992	year	mame	exact
1941 Counter Attack (World 900227).mra	1941	1990	year	mame	exact
1942 (Revision B).mra	1942	1984	year	mame	exact
1943 Kai Midway Kaisen (Japan).mra	1943kai	1987	year	mame	exact
1943 The Battle of Midway (Euro).mra	1943	1987	year	mame	exact
1943 The Battle of Midway Mark II (US).mra	1943mii	1987	year	mame	exact
1944 The Loop Master (Europe 000620).mra	1944	2000	year	mame	exact
19XX The War Against Destiny (Europe 960104).mra	19xx	1996	year	mame	exact
Ace Attacker (Japan, S16A) [FD1094 317-0060].mra	aceattaca	1988	year	mame	exact
Action Fighter (World, S16A) [FD1089A 317-0018].mra	afighter	1986	year	mame	exact
Adventure Quiz Capcom World 2 (Japan 920611).mra	cworld2j	1992	year	mame	exact
Ajax.mra	ajax	1987	year	mame	exact
Alex Kidd The Lost Stars (Set 2, World, S16A) [No Protection].mra	alexkidd	1986	year	mame	exact
Alien Sector.mra	aliensec	1985	year	mame	exact
Alien Storm (World, 2 Players) (FD1094 317-0154).mra	astorm	1990	year	mame	exact
Alien Syndrome (set 4, System 16B, unprotected).mra	aliensyn	1987	year	mame	exact
Alien vs. Predator (Europe 940520).mra	avsp	1994	year	mame	exact
Aliens (World set 1).mra	aliens	1990	year	mame	exact
Altered Beast (set 8) (8751 317-0078).mra	altbeast	1988	year	mame	exact
Arkanoid - Revenge of DOH (World).mra	arknoid2	1987	year	mame	exact
Armored Warriors (Europe 941024).mra	armwar	1994	year	mame	exact
Atomic Runner Chelnov (World).mra	chelnov	1988	year	mame	exact
Aurail (set 3, US) (unprotected).mra	aurail	1990	year	mame	exact
Avengers (US, rev. D).mra	avengers	1987	year	mame	exact
Bad Dudes vs. Dragonninja (US, revision 1).mra	baddudes	1988	year	mame	exact
Bakutotsu Kijuutei.mra	bakutotu	1988	year	mame	exact
Balloon Brothers.mra	ballbros	1992	year	mame	exact
Battle Circuit (Europe 970319).mra	batcir	1997	year	mame	exact
Bay Route (set 3, World) (FD1094 317-0116).mra	bayroute	1989	year	mame	exact
Big Karnak (ver. 1.0, checksum 1e38c94).mra	bigkarnk	1991	year	mame	exact
Biomechanical Toy (ver. 1.0.1885, checksum 69f5e032).mra	biomtoy	1995	year	mame	exact
Bionic Commando (Euro).mra	bionicc	1987	year	mame	exact
Black Tiger.mra	blktiger	1987	year	mame	exact
Blast Off (Japan).mra	blastoff	1989	year	mame	exact
Blazer (Japan).mra	blazer	1987	year	mame	exact
Block Block (World 911219 Joystick).mra	block	1991	year	mame	exact
Block Out (set 1).mra	blockout	1989	year	mame	exact
Bloxeed (Japan) (FD1094 317-0139).mra	bloxeed	1989	year	mame	exact
Body Slam (World, S16) [8751 317-0015].mra	bodyslam	1986	year	mame	exact
Boulder Dash - Boulder Dash Part 2 (World).mra	bouldash	1990	year	mame	exact
Boxy Boy (World, SB2).mra	boxyboy	1990	year	mame	exact
Bronx (bootleg of Cycle Shooting).mra	bronx	1986	year	mame	exact
Bubble Bobble (Japan, Ver 0.1).mra	bublbobl	1986	year	mame	exact
Bullet (FD1094 317-0041).mra	bullet	1987	year	mame	exact
Cabal (World, Joystick).mra	cabal	1988	year	mame	exact
Cadillacs and Dinosaurs (World 930201).mra	dino	1993	year	mame	exact
Caliber 50 (Ver. 1.01).mra	calibr50	1989	year	mame	exact
Capcom Sports Club (Europe 971017).mra	csclub	1997	year	mame	exact
Capcom World (Japan).mra	cworld	1989	year	mame	exact
Captain Commando (World 911202).mra	captcomm	1991	year	mame	exact
Carrier Air Wing (World 901012).mra	cawing	1990	year	mame	exact
Chou Zetsurinjin Berabowman (Japan, Rev C).mra	berabohm	1988	year	mame	exact
Chuka Taisen (World) (P0-028-A PCB).mra	chukatai	1988	year	mame	exact
Circus Charlie (level select, set 1).mra	circusc	1984	year	mame	exact
Clockwork Aquario (prototype).mra	aquario	2021	year	mra-fallback	fallback
Clutch Hitter (US) (FD1094 317-0176).mra	cltchitr	1991	year	mame	exact
Combat School (joystick).mra	combatsc	1988	year	mame	exact
Commando (World).mra	commando	1985	year	mame	exact
Contra (US - Asia, set 1).mra	contra	1987	year	mame	exact
Cotton (set 4, World) (FD1094 317-0181a).mra	cotton	1991	year	mame	exact
Crime Fighters (World 2 players).mra	crimfght	1989	year	mame	exact
Cyber Police ESWAT (set 4, World) (FD1094 317-0130).mra	eswat	1989	year	mame	exact
Cyberbots Fullmetal Madness (Europe 950424).mra	cybots	1995	year	mame	exact
D. D. Crew (World, 3 Players) (FD1094 317-0190).mra	ddcrew	1991	year	mame	exact
Dangerous Seed (Japan).mra	dangseed	1989	year	mame	exact
Darkstalkers The Night Warriors (Europe 940705).mra	dstlk	1994	year	mame	exact
Desert Breaker (World) (FD1094 317-0196).mra	desertbr	1992	year	mame	exact
Devil World.mra	devilw	1987	year	mame	exact
Dimahoo (Europe 000121).mra	dimahoo	2000	year	mame	exact
Dokaben 2 (Japan).mra	dokaben2	1989	year	mame	exact
Dokaben (Japan).mra	dokaben	1989	year	mame	exact
Double Dragon II The Revenge (World).mra	ddragon2	1988	year	mame	exact
Double Dragon (World set 1).mra	ddragon	1987	year	mame	exact
Double Dribble.mra	ddribble	1986	year	mame	exact
Dr. Toppel's Adventure (World).mra	drtoppel	1987	year	mame	exact
Dragon Buster.mra	drgnbstr	1984	year	mame	exact
Dragon Spirit (new version (DS3)).mra	dspirit	1987	year	mame	exact
Dungeons & Dragons Shadow over Mystara (Europe 960619).mra	ddsom	1996	year	mame	exact
Dungeons & Dragons Tower of Doom (Europe 940412).mra	ddtod	1993	year	mame	exact
Dunk Shot (Rev C, FD1089A 317-0022).mra	dunkshot	1987	year	mame	exact
Dynamite Dux (set 3, World) (FD1094 317-0096).mra	ddux	1988	year	mame	exact
Dynasty Wars (USA, B-Board 89624B-x).mra	dynwar	1989	year	mame	exact
Eco Fighters (World 931203).mra	ecofghtr	1993	year	mame	exact
Enduro Racer (Rev A, YM2151, FD1089B 317-0013A).mra	enduror	1986	year	mame	exact
Escape Kids (Asia, 4 Players).mra	esckids	1991	year	mame	exact
Excite League (FD1094 317-0079).mra	exctleag	1988	year	mame	exact
Exed Exes.mra	exedexes	1985	year	mame	exact
Extermination (World).mra	extrmatn	1987	year	mame	exact
F-1 Dream.mra	f1dream	1988	year	mame	exact
Face Off (Japan 2 Players).mra	faceoff	1988	year	mame	exact
Fantasy Zone II - The Tears of Opa-Opa (System 16C version).mra	fantzn2x	2008	year	mame	exact
Fantasy Zone (Rev A, World, S16A) [No Protection].mra	fantzone	1986	year	mame	exact
Fast Lane.mra	fastlane	1987	year	mame	exact
Final Fight (World, set 1).mra	ffight	1989	year	mame	exact
Flash Point (set 2, Japan) (FD1094 317-0127A).mra	fpoint	1989	year	mame	exact
Forgotten Worlds (World, newer).mra	forgottn	1988	year	mame	exact
Galaga '88.mra	galaga88	1987	year	mame	exact
Gals Panic (unprotected, ver. 2.0).mra	galpanic	1990	year	mame	exact
Gang Busters (set 1).mra	gbusters	1988	year	mame	exact
Genpei ToumaDen.mra	genpeitd	1986	year	mame	exact
Ghosts'n Goblins (World set 1).mra	gng	1985	year	mame	exact
Ghouls'n Ghosts (World).mra	ghouls	1988	year	mame	exact
Giga Wing (USA 990222).mra	gigawing	1999	year	mame	exact
Gigandes.mra	gigandes	1989	year	mame	exact
Golden Axe (set 6, US) (8751 317-123A).mra	goldnaxe	1989	year	mame	exact
Golfing Greats (World, version L).mra	glfgreat	1991	year	mame	exact
Gradius III (World, version R).mra	gradius3	1989	year	mame	exact
Gridiron Fight (World).mra	gridiron	1985	year	mame	exact
Gulun.Pa! (Japan 931220 L) (prototype).mra	gulunpa	1993	year	mame	exact
Gun.Smoke (World, 1985-11-15).mra	gunsmoke	1985	year	mame	exact
Hammer Away (Japan, prototype).mra	hamaway	1991	year	mame	exact
Hang-On (Rev A).mra	hangon	1985	year	mame	exact
Haunted Castle (version M).mra	hcastle	1988	year	mame	exact
Heavy Barrel (World).mra	hbarrel	1987	year	mame	exact
Hippodrome (US).mra	hippodrm	1989	year	mame	exact
Hopping Mappy.mra	hopmappy	1986	year	mame	exact
Hyper Dyne Side Arms (World, 861129).mra	sidearms	1986	year	mame	exact
Hyper Sports.mra	hyperspt	1984	year	mame	exact
Hyper Street Fighter II The Anniversary Edition (USA 040202).mra	hsf2	2004	year	mame	exact
Insector X (World).mra	insectx	1989	year	mame	exact
Janpai Puzzle Choukou (Japan 010820).mra	choko	2001	year	mame	exact
JoJo no Kimyou na Bouken Mirai e no Isan (Japan 991015, NO CD).mra	jojoban	1999	year	mame	exact
JoJo's Venture (Asia 990128, NO CD).mra	jojon	1998	year	mame	exact
Jyangokushi Haoh no Saihai (Japan 990527).mra	jyangoku	1999	year	mame	exact
Kageki (World).mra	kageki	1988	year	mame	exact
Karate Champ Player Vs Player (US, set 1).mra	kchampvs	1984	year	mame	exact
Karate Champ (US).mra	kchamp	1984	year	mame	exact
Karnov (US, rev 6).mra	karnov	1987	year	mame	exact
Kicker.mra	kicker	1985	year	mame	exact
Knights of the Round (World 911127).mra	knights	1991	year	mame	exact
Konami's Ping-Pong.mra	pingpong	1985	year	mame	exact
Laser Ghost (World) (FD1094 317-0166).mra	lghost	1990	year	mame	exact
Last Striker - Kyuukyoku no Striker.mra	kyustrkr	1989	year	mame	exact
Legendary Wings (US, rev. C).mra	lwings	1986	year	mame	exact
Lightning Fighters (World).mra	lgtnfght	1990	year	mame	exact
M.I.A. - Missing in Action (version T).mra	mia	1989	year	mame	exact
Magic Sword Heroic Fantasy (World 900725).mra	msword	1990	year	mame	exact
Magical Pumpkin Puroland de Daibouken (Japan 960712).mra	mpumpkin	1996	year	mame	exact
Major League (World, S16A) [No Protection].mra	mjleague	1985	year	mame	exact
Marchen Maze (Japan).mra	mmaze	1988	year	mame	exact
Mars Matrix Hyper Solid Shooting (USA 000412).mra	mmatrix	2000	year	mame	exact
Marvel Super Heroes (Europe 951024).mra	msh	1995	year	mame	exact
Marvel Super Heroes Vs. Street Fighter (Europe 970625).mra	mshvsf	1997	year	mame	exact
Marvel Vs. Capcom Clash of Super Heroes (Europe 980123).mra	mvsc	1998	year	mame	exact
Mega Man 2 The Power Fighters (USA 960708).mra	megaman2	1996	year	mame	exact
Mega Man The Power Battle (CPS1, USA 951006).mra	megaman	1995	year	mame	exact
Mega Twins (World 900619).mra	mtwins	1990	year	mame	exact
Mercs (World 900302).mra	mercs	1990	year	mame	exact
Metro-Cross (set 1).mra	metrocrs	1985	year	mame	exact
Michael Jackson's Moonwalker (World) (FD1094-8751 317-0159).mra	mwalk	1990	year	mame	exact
Midnight Resistance (World, set 1).mra	midres	1989	year	mame	exact
Mighty! Pang (Europe 001010).mra	mpang	2000	year	mame	exact
Mikie.mra	mikie	1984	year	mame	exact
Muscle Bomber Duo Ultimate Team Battle (World 931206).mra	mbombrd	1993	year	mame	exact
MVP (set 2, US) (FD1094 317-0143).mra	mvp	1989	year	mame	exact
MX5000.mra	mx5000	1987	year	mame	exact
N.Y. Captor (rev 2).mra	nycaptor	1985	year	mame	exact
Nemo (World 901130).mra	nemo	1990	year	mame	exact
NeoGeo Pocket.mra	ngp	1998	year	mame	exact
Night Warriors Darkstalkers' Revenge (Europe 950316).mra	nwarr	1995	year	mame	exact
Onna Sanshirou - Typhoon Gal (rev 1).mra	onna34ro	1985	year	mame	exact
Operation Wolf (World, rev 2, set 1).mra	opwolf	1987	year	mame	exact
Out Run (sitdown-upright, Rev B).mra	outrun	1986	year	mame	exact
Pac-Land (World).mra	pacland	1984	year	mame	exact
Pac-Mania.mra	pacmania	1987	year	mame	exact
Pang! 3 (Europe 950601).mra	pang3	1995	year	mame	exact
Pang (World).mra	pang	1989	year	mame	exact
Parodius Da! Shinwa kara Owarai e (World, set 1).mra	parodius	1990	year	mame	exact
Passing Shot (World, 2 Players) (FD1094 317-0080).mra	passsht	1988	year	mame	exact
Pirate Ship Higemaru.mra	higemaru	1984	year	mame	exact
Pistol Daimyo no Bouken (Japan).mra	pistoldm	1990	year	mame	exact
Pnickies (Japan 940608).mra	pnickj	1994	year	mame	exact
Pocket Gal (Japan).mra	pcktgal	1987	year	mame	exact
Pokonyan! Balloon (Japan 940322).mra	pokonyan	1994	year	mame	exact
Premier Soccer (ver EAB).mra	prmrsocr	1993	year	mame	exact
Pro Tennis World Court (Japan).mra	wldcourt	1988	year	mame	exact
Pro Yakyuu World Stadium (Japan).mra	ws	1988	year	mame	exact
Progear (USA 010117).mra	progear	2001	year	mame	exact
Punk Shot (US 4 Players).mra	punkshot	1990	year	mame	exact
Puzz Loop 2 (Europe 010302).mra	pzloop2	2001	year	mame	exact
Quartet 2 (World, S16A) [No Protection].mra	quartet2a	1986	year	mame	exact
Quartet (Rev A, 4p, World, S16A) [8751 315-5194].mra	quartet	1986	year	mame	exact
Quester (Japan).mra	quester	1987	year	mame	exact
Quiz & Dragons Capcom Quiz Game (USA 920701).mra	qad	1992	year	mame	exact
Quiz Nanairo Dreams Nijiirochou no Kiseki (Japan 960826).mra	qndream	1996	year	mame	exact
Quiz Tonosama no Yabou 2 Zenkoku-ban (Japan 950123).mra	qtono2j	1995	year	mame	exact
Raiga - Strato Fighter (US).mra	stratof	1991	year	mame	exact
Rainbow Islands - Extra Version.mra	rbislande	1988	year	mame	exact
Rainbow Islands (rev 1).mra	rbisland	1987	year	mame	exact
Rastan (World Rev 1).mra	rastan	1987	year	mame	exact
Red Earth (Asia 961121, NO CD).mra	redearthn	1996	year	mame	exact
Renegade (US).mra	renegade	1986	year	mame	exact
Ring of Destruction Slammasters II (Europe 940902).mra	ringdest	1994	year	mame	exact
Riot City (Japan).mra	riotcity	1991	year	mame	exact
Road Fighter (set 1).mra	roadf	1984	year	mame	exact
Robocop (World, revision 4).mra	robocop	1988	year	mame	exact
Roc'n Rope.mra	rocnrope	1983	year	mame	exact
Rolling Thunder (rev 3).mra	rthunder	1986	year	mame	exact
Rompers (Japan, new version (Rev B)).mra	rompers	1989	year	mame	exact
Rumba Lumber (rev 1).mra	rumba	1984	year	mame	exact
Run and Gun (ver EAA 1993 10.8).mra	rungun	1993	year	mame	exact
RyuKyu (Rev A, Japan) (FD1094 317-5023A).mra	ryukyu	1990	year	mame	exact
Saturday Night Slam Masters (World 930713).mra	slammast	1993	year	mame	exact
SDI Strategic Defense Initiative (Japan, New Ver., S16A) [FD1089B 317-0027].mra	sdi	1987	year	mame	exact
Secret Agent (World, revision 3).mra	secretag	1989	year	mame	exact
Section Z (US).mra	sectionz	1985	year	mame	exact
Shadow Dancer (World).mra	shdancer	1989	year	mame	exact
Shadow Warriors (World, set 1).mra	shadoww	1988	year	mame	exact
Shadowland (YD3).mra	shadowld	1987	year	mame	exact
Shinobi (Set 6, World, S16A) [No Protection].mra	shinobi	1987	year	mame	exact
Sky Kid Deluxe (set 1).mra	skykiddx	1986	year	mame	exact
Sky Kid (new version).mra	skykid	1985	year	mame	exact
Sonic Boom (FD1094 317-0053).mra	sonicbom	1987	year	mame	exact
Space Harrier (Rev A, 8751 315-5163A).mra	sharrier	1985	year	mame	exact
Splatter House (World, new version (SH3)).mra	splatter	1988	year	mame	exact
Squash (World, ver. 1.0, checksum 015aef61).mra	squash	1992	year	mame	exact
Street Fighter Alpha 2 (Europe 960229).mra	sfa2	1996	year	mame	exact
Street Fighter Alpha 3 (Europe 980904).mra	sfa3	1998	year	mame	exact
Street Fighter Alpha Warriors' Dreams (Europe 950727).mra	sfa	1995	year	mame	exact
Street Fighter II' Champion Edition (World 920513).mra	sf2ce	1992	year	mame	exact
Street Fighter II' Champion Re-Edit (Hack, v0.29.7).mra	sf2cre	1992	year	mra-fallback	fallback
Street Fighter II' Hyper Fighting (World 921209).mra	sf2hf	1992	year	mame	exact
Street Fighter II' Special Champion Edition (Sr Street hack).mra	sf2hfsce	1992	year	mra-fallback	fallback
Street Fighter II The World Warrior (World 910522).mra	sf2	1991	year	mame	exact
Street Fighter III 2nd Impact Giant Attack (Asia 970930, NO CD).mra	sfiii2n	1997	year	mame	exact
Street Fighter III 3rd Strike Fight for the Future (Japan 990608, NO CD).mra	sfiii3n	1999	year	mame	exact
Street Fighter III New Generation (Asia 970204, NO CD, BIOS set 1).mra	sfiiin	1997	year	mame	exact
Street Fighter (US, set 1).mra	sf	1987	year	mame	exact
Street Fighter Zero 2 Alpha (Asia 960826).mra	sfz2al	1996	year	mame	exact
Street Fighter Zero (CPS Changer, Japan 951020).mra	sfzch	1995	year	mame	exact
Strider (USA, B-Board 89624B-2).mra	strider	1989	year	mame	exact
Sukeban Jansi Ryuko (set 2, System 16B, FD1089B 317-5021).mra	sjryuko	1988	year	mame	exact
Sunset Riders (4 Players ver EAC).mra	ssriders	1991	year	mame	exact
Super Basketball (version I, encrypted).mra	sbasketb	1984	year	mame	exact
Super Contra (set 1).mra	scontra	1988	year	mame	exact
Super Gem Fighter Mini Mix (USA 970904).mra	sgemf	1997	year	mame	exact
Super Hang-On (sitdown-upright) (unprotected).mra	shangon	1987	year	mame	exact
Super League (FD1094 317-0045).mra	suprleag	1987	year	mame	exact
Super Pang (World 900914).mra	spang	1990	year	mame	exact
Super Puzzle Fighter II Turbo (Europe 960529).mra	spf2t	1996	year	mame	exact
Super Street Fighter II The New Challengers (World 931005).mra	ssf2	1993	year	mame	exact
Super Street Fighter II Turbo (World 940223).mra	ssf2t	1994	year	mame	exact
Superman (World).mra	superman	1988	year	mame	exact
Surprise Attack (World ver. K).mra	suratk	1990	year	mame	exact
Tank Force (US, 2 Players).mra	tankfrce	1991	year	mame	exact
Teenage Mutant Ninja Turtles Turtles in Time (4 Players ver UAA).mra	tmnt2	1991	year	mame	exact
Teenage Mutant Ninja Turtles (World 4 Players, version X).mra	tmnt	1989	year	mame	exact
Tehkan World Cup (set 1).mra	tehkanwc	1985	year	mame	exact
Tenchi wo Kurau II Sekiheki no Tatakai (CPS Changer, Japan 921031).mra	wofch	1994	year	mame	exact
Tetris (Set 4, Japan, S16A) [FD1094 317-0093].mra	tetris	1988	year	mame	exact
The FairyLand Story.mra	flstory	1985	year	mame	exact
The Final Round (version M).mra	fround	1988	year	mame	exact
The King of Dragons (World 910805).mra	kod	1991	year	mame	exact
The NewZealand Story (World, new version) (P0-043A PCB).mra	tnzs	1988	year	mame	exact
The Punisher (World 930422).mra	punisher	1993	year	mame	exact
The Return of Ishtar.mra	roishtar	1986	year	mame	exact
The Simpsons (4 Players World, set 1).mra	simpsons	1991	year	mame	exact
The Speed Rumbler (set 1).mra	srumbler	1986	year	mame	exact
Three Wonders (World 910520).mra	3wonders	1991	year	mame	exact
Thunder Cross II (World).mra	thndrx2	1991	year	mame	exact
Thunder Cross (set 1).mra	thunderx	1988	year	mame	exact
Thunder Hoop (ver. 1, checksum 02a09f7d).mra	thoop	1992	year	mame	exact
Tiger Road (US).mra	tigeroad	1987	year	mame	exact
Time Scanner (set 2, System 16B).mra	timescan	1987	year	mame	exact
Toki (World, set 1).mra	toki	1989	year	mame	exact
Tokio - Scramble Formation (newer).mra	tokio	1986	year	mame	exact
Toryumon.mra	toryumon	1994	year	mame	exact
Tough Turf (set 1, US) (8751 317-0099).mra	tturfu	1989	year	mame	exact
Track & Field.mra	trackfld	1983	year	mame	exact
Trick Trap (World).mra	tricktrp	1987	year	mame	exact
Trojan (US set 1).mra	trojan	1986	year	mame	exact
Turbo Out Run (Out Run upgrade) (FD1094 317-0118).mra	toutrun	1989	year	mame	exact
Twin Hawk (World).mra	twinhawk	1989	year	mame	exact
U.N. Squadron (USA).mra	unsquad	1989	year	mame	exact
Vampire Hunter 2 Darkstalkers Revenge (Japan 970929).mra	vhunt2	1997	year	mame	exact
Vampire Savior 2 The Lord of Vampire (Japan 970913).mra	vsav2	1997	year	mame	exact
Vampire Savior The Lord of Vampire (Europe 970519).mra	vsav	1997	year	mame	exact
Varth Operation Thunderstorm (World 920714).mra	varth	1992	year	mame	exact
Vendetta (World, 4 Players, ver. T).mra	vendetta	1991	year	mame	exact
Victorious Nine.mra	victnine	1984	year	mame	exact
Vigilante (World, Rev E).mra	vigilant	1988	year	mame	exact
Volfied (World, rev 1).mra	volfied	1989	year	mame	exact
Vulcan Venture (new).mra	vulcan	1988	year	mame	exact
Vulgus (set 1).mra	vulgus	1984	year	mame	exact
Wally wo Sagase! (rev B, Japan, 2 players) (FD1094 317-0197B).mra	wwallyj	1992	year	mame	exact
Warriors of Fate (World 921031).mra	wof	1992	year	mame	exact
Wild Fang - Tecmo Knight (World).mra	wildfang	1989	year	mame	exact
Willow (World).mra	willow	1989	year	mame	exact
Wonder Boy III - Monster Lair (set 6, World, System 16B) (8751 317-0098).mra	wb3	1988	year	mame	exact
Wonder Momo.mra	wndrmomo	1987	year	mame	exact
Wonder Planet (Japan).mra	wndrplnt	1987	year	mame	exact
Wrestle War (set 3, World) (8751 317-0103).mra	wrestwar	1989	year	mame	exact
WWF Superstars (Europe).mra	wwfsstar	1989	year	mame	exact
X-Men (4 Players ver EBA).mra	xmen	1992	year	mame	exact
X-Men Children of the Atom (Europe 950331).mra	xmcota	1994	year	mame	exact
X-Men Vs. Street Fighter (Europe 961004).mra	xmvsf	1996	year	mame	exact
Yie Ar Kung-Fu (version I).mra	yiear	1985	year	mame	exact
Batsugun.mra	batsugun	1993	year	mame	exact
BloodStorm (v2.22).mra	bloodstm	1994	year	mame	exact
Dogyuun.mra	dogyuun	1992	year	mame	exact
FixEight.mra	fixeight	1992	year	mame	exact
Ghox (Joystick).mra	ghoxj	1991	year	mame	exact
Grind Stormer.mra	grindstm	1992	year	mame	exact
Knuckle Bash.mra	kbash	1993	year	mame	exact
Street Fighter - The Movie (v1.12).mra	sftm	1995	year	mame	exact
Time Killers (v1.32).mra	timekill	1992	year	mame	exact
