setname,game_company,company_board_label,board_company,board
espgal,CAVE,IGS PGM - CAVE,IGS,PGM
ket,CAVE,IGS PGM - CAVE,IGS,PGM
ddpdoj,CAVE,IGS PGM - CAVE,IGS,PGM
vasara,VISCO,SSV,SETA - SAMMY - VISCO,SSV
vasara2,VISCO,SSV,SETA - SAMMY - VISCO,SSV
ultrax,SAMMY,SSV,SETA - SAMMY - VISCO,SSV
stmblade,VISCO,SSV,SETA - SAMMY - VISCO,SSV
twineag2,SETA,SSV,SETA - SAMMY - VISCO,SSV
dynagear,SAMMY,SSV,SETA - SAMMY - VISCO,SSV
drifto94,VISCO,SSV,SETA - SAMMY - VISCO,SSV
cairblad,SAMMY,SSV,SETA - SAMMY - VISCO,SSV
280zzzap,MIDWAY,8080 Black-and-White Hardware,MIDWAY,8080 Black-and-White Hardware
maze,MIDWAY,8080 Black-and-White Hardware,MIDWAY,8080 Black-and-White Hardware
attackfc,ELECTRO SPORT,8080 Black-and-White Hardware,ELECTRO SPORT,8080 Black-and-White Hardware
ballbomb,TAITO,8080 Black-and-White Hardware,TAITO,8080 Black-and-White Hardware
airwolf,KYUGO,Kyugo Hardware,KYUGO,Kyugo Hardware
ts2u,TAKARA / CAPCOM,Sony ZN-1,SONY,ZN-1
ddp3,CAVE,IGS PGM - CAVE,IGS,PGM
flashgal,KYUGO / SEGA,Kyugo Hardware,KYUGO,Kyugo Hardware
gyrodine,CRUX,Kyugo Hardware,KYUGO,Kyugo Hardware
legend,KYUGO / SEGA,Kyugo Hardware,KYUGO,Kyugo Hardware
repulse,CRUX / SEGA,Kyugo Hardware,KYUGO,Kyugo Hardware
srdmissn,KYUGO / TAITO,Kyugo Hardware,KYUGO,Kyugo Hardware
blueshrk,MIDWAY,8080 Black-and-White Hardware,MIDWAY / TAITO,8080 Black-and-White Hardware
boothill,MIDWAY,8080 Black-and-White Hardware,MIDWAY / TAITO,8080 Black-and-White Hardware
clowns,MIDWAY,8080 Black-and-White Hardware,MIDWAY / TAITO,8080 Black-and-White Hardware
cosmo,TDS / UNIVERSAL,8080 Black-and-White Hardware,MIDWAY / TAITO,8080 Black-and-White Hardware
galxwars,UNIVERSAL,8080 Black-and-White Hardware,MIDWAY / TAITO,8080 Black-and-White Hardware
gunfight,MIDWAY,8080 Black-and-White Hardware,MIDWAY / TAITO,8080 Black-and-White Hardware
lagunar,MIDWAY,8080 Black-and-White Hardware,MIDWAY / TAITO,8080 Black-and-White Hardware
lrescue,TAITO,8080 Black-and-White Hardware,MIDWAY / TAITO,8080 Black-and-White Hardware
lupin3a,TAITO,8080 Black-and-White Hardware,MIDWAY / TAITO,8080 Black-and-White Hardware
polaris,TAITO,8080 Black-and-White Hardware,MIDWAY / TAITO,8080 Black-and-White Hardware
seawolf,MIDWAY,8080 Black-and-White Hardware,MIDWAY / TAITO,8080 Black-and-White Hardware
shuffle,MIDWAY,8080 Black-and-White Hardware,MIDWAY / TAITO,8080 Black-and-White Hardware
schaser,TAITO,8080 Black-and-White Hardware,MIDWAY / TAITO,8080 Black-and-White Hardware
spcenctr,MIDWAY,8080 Black-and-White Hardware,MIDWAY / TAITO,8080 Black-and-White Hardware
invaders,TAITO,8080 Black-and-White Hardware,MIDWAY / TAITO,8080 Black-and-White Hardware
invadpt2,TAITO,8080 Black-and-White Hardware,MIDWAY / TAITO,8080 Black-and-White Hardware
vortex,TAITO,8080 Black-and-White Hardware,MIDWAY / TAITO,8080 Black-and-White Hardware
glpracr,TECMO,Sony ZN-1,SONY,ZN-1
starglad,CAPCOM,Sony ZN-1,SONY,ZN-1
sfexpu1,ARIKA / CAPCOM,Sony ZN-1,SONY,ZN-1
sfexu,ARIKA / CAPCOM,Sony ZN-1,SONY,ZN-1
alibaba,SEGA / IKEGAMI,Pac-Man-derived Hardware,NAMCO,Pac-Man Hardware
eyes,DIGITAL CONTROLS,Pac-Man-derived Hardware,NAMCO,Pac-Man Hardware
piranha,GL,Pac-Man-derived Hardware,NAMCO,Pac-Man Hardware
woodpek,AMSTAR,Pac-Man-derived Hardware,NAMCO,Pac-Man Hardware
azurian,RAIT ELECTRONIC,Galaxian-derived Hardware,NAMCO,Galaxian Hardware
checkman,ZILEC / JALeco,Galaxian-derived Hardware,NAMCO,Galaxian Hardware
kingball,NAMCO,Galaxian Hardware,NAMCO,Galaxian Hardware
actfancr,DATA EAST,Act-Fancer Hardware,DATA EAST,Act-Fancer Hardware
blockout,TECHNOS / CALIFORNIA DREAMS,Block Out Hardware,TECHNOS,Block Out Hardware
boogwing,DATA EAST,Boogie Wings Hardware,DATA EAST,Boogie Wings Hardware
breakout,ATARI,Breakout TTL,ATARI,Breakout TTL
brubber,DATA EAST,DECO Cassette System,DATA EAST,DECO Cassette System
calibr50,SETA,Seta 1st Generation,SETA,Seta 1st Generation
canyon,ATARI,Canyon Bomber TTL,ATARI,Canyon Bomber TTL
captavenu,DATA EAST,DECO IC16,DATA EAST,DECO IC16
cninja,DATA EAST,DECO IC16,DATA EAST,DECO IC16
centiped,ATARI,Centipede Hardware,ATARI,Centipede Hardware
chameleo,JALECO / DONGA-SEIKO,Chameleon Hardware,JALECO,Chameleon Hardware
chinagat,TECHNOS,China Gate Hardware,TECHNOS,China Gate Hardware
circusc,KONAMI,Circus Charlie Hardware,KONAMI,Circus Charlie Hardware
citycon,JALECO,City Connection Hardware,JALECO,City Connection Hardware
cliffhgr,STERN,Laserdisc - Cliff Hanger,STERN,Laserdisc Hardware
cobracom,DATA EAST,Cobra-Command Hardware,DATA EAST,Cobra-Command Hardware
combatsc,KONAMI,Combat School Hardware,KONAMI,Combat School Hardware
congo,SEGA,Congo Bongo Hardware,SEGA,Congo Bongo Hardware
contra,KONAMI,GX633 - Contra Hardware,KONAMI,GX633 - Contra Hardware
crbaloon,TAITO,Crazy Balloon Hardware,TAITO,Crazy Balloon Hardware
cclimber,NICHIBUTSU,Crazy Climber Hardware,NICHIBUTSU,Crazy Climber Hardware
ckong,FALCON,Crazy Kong Hardware,FALCON,Crazy Kong Hardware
ckongpt2,FALCON,Crazy Kong Hardware,FALCON,Crazy Kong Hardware
cbuster,DATA EAST,DECO IC16,DATA EAST,DECO IC16
ccastles,ATARI,Crystal Castles Hardware,ATARI,Crystal Castles Hardware
darkseal,DATA EAST,DECO IC16,DATA EAST,DECO IC16
dcon,SUCCESS / SEIBU KAIHATSU,Seibu D-Con Hardware,SEIBU KAIHATSU,D-Con Hardware
denjinmk,BANPRESTO / WINKY SOFT,Denjin Makai Hardware,BANPRESTO,Denjin Makai Hardware
dietgo,DATA EAST,DECO IC16,DATA EAST,DECO IC16
dominos,ATARI,Dominos TTL,ATARI,Dominos TTL
dotrikun,SEGA,System 16 Test Hardware,SEGA,System 16
dblewingb,TECHNOS / MITCHELL,Double Wings Hardware,TECHNOS,Double Wings Hardware
dlair,CINEMATRONICS / ADVANCED MICROCOMPUTER SYSTEMS,Laserdisc - Dragon’s Lair,CINEMATRONICS,Laserdisc Hardware
eprom,ATARI,System 1,ATARI,System 1
exeriont,JALECO / TAITO,Exerion Hardware,JALECO,Exerion Hardware
fastlane,KONAMI,GX752 - Fast Lane Hardware,KONAMI,GX752 - Fast Lane Hardware
foodf,ATARI,Food Fight Hardware,ATARI,Food Fight Hardware
freeze,CINEMATRONICS,Freeze Hardware,CINEMATRONICS,Freeze Hardware
frenzy,STERN,Berzerk - Frenzy Hardware,STERN,Berzerk - Frenzy Hardware
galpanic,KANEKO,Kaneko 16,KANEKO,Kaneko 16
godzilla,BANPRESTO,Godzilla Hardware,BANPRESTO,Godzilla Hardware
grdians,BANPRESTO / WINKY SOFT,Denjin Makai Hardware,BANPRESTO,Denjin Makai Hardware
gulfwar2,COMAD,Gulf War II Hardware,COMAD,Gulf War II Hardware
hcastle,KONAMI,GX768 - Haunted Castle Hardware,KONAMI,GX768 - Haunted Castle Hardware
heatbrl,SETA,Seta 1st Generation,SETA,Seta 1st Generation
inferno,WILLIAMS,Williams 6809 Hardware,WILLIAMS,Williams 6809 Hardware
invasnab,MIDWAY,Midway Zeus,MIDWAY,Zeus
jack,CINEMATRONICS,Jack the Giantkiller Hardware,CINEMATRONICS,Jack Hardware
joust2,WILLIAMS,Williams 6809 Hardware,WILLIAMS,Williams 6809 Hardware
junofrst,KONAMI,Juno First Hardware,KONAMI,Juno First Hardware
kicknrun,TAITO,Kick and Run Hardware,TAITO,Kick and Run Hardware
kikikai,TAITO,Kiki KaiKai Hardware,TAITO,Kiki KaiKai Hardware
klax,ATARI,Atari System 1-derived,ATARI,Klax Hardware
legionna,TAITO / TAD,Legionnaire Hardware,SEIBU KAIHATSU,Legionnaire Hardware
maniach,TECHNOS,Mat Mania Hardware,TECHNOS,Mat Mania Hardware
marblmd2,ATARI,System 1,ATARI,System 1
matmania,TECHNOS,Mat Mania Hardware,TECHNOS,Mat Mania Hardware
mazingerj,BANPRESTO,NMK16,NMK,NMK16
meikyuh,DATA EAST,Karnov Hardware,DATA EAST,Karnov Hardware
missile,ATARI,Missile Command Hardware,ATARI,Missile Command Hardware
mpatrol,IREM,M52,IREM,M52
mk4,MIDWAY,Midway Zeus,MIDWAY,Zeus
mrdo,UNIVERSAL,Mr. Do! Hardware,UNIVERSAL,Mr. Do! Hardware
mrjong,KAWAI,Mr. Jong Hardware,KAWAI,Mr. Jong Hardware
mutantf,DATA EAST,DECO IC16,DATA EAST,DECO IC16
mx5000,KONAMI,GX669 - MX5000 Hardware,KONAMI,GX669 - MX5000 Hardware
mysticm,WILLIAMS,Williams 6809 Hardware,WILLIAMS,Williams 6809 Hardware
nbahangt,MIDWAY,Wolf Unit,MIDWAY,Wolf Unit
ngp,SNK,Neo Geo Pocket,SNK,Neo Geo Pocket
nslasher,DATA EAST,DECO IC16,DATA EAST,DECO IC16
nitrobal,DATA EAST,DECO IC16,DATA EAST,DECO IC16
pacland,NAMCO,Pac-Land Hardware,NAMCO,Pac-Land Hardware
paddlema,SNK,ALPHA68K-96-I,SNK,ALPHA68K-96-I
pkunwar,UPL,Penguin-Kun Wars Hardware,UPL,Penguin-Kun Wars Hardware
perfrman,TOAPLAN,Performan Hardware,TOAPLAN,Performan Hardware
pbaction,TEHKAN,Pinball Action Hardware,TEHKAN,Pinball Action Hardware
pong,ATARI,Pong TTL,ATARI,Pong TTL
prehisle,SNK,Prehistoric Isle Hardware,SNK,Prehistoric Isle Hardware
prmrsocr,KONAMI,GX101 - Premier Soccer Hardware,KONAMI,GX101 - Premier Soccer Hardware
psychic5,JALECO,Psychic 5 Hardware,JALECO,Psychic 5 Hardware
oscar,DATA EAST,DECO 8-bit - 16-bit,DATA EAST,DECO 8-bit - 16-bit
rmpgwt,MIDWAY,Wolf Unit,MIDWAY,Wolf Unit
ringking,WOODPLACE / DATA EAST,Ring King Hardware,WOODPLACE,Ring King Hardware
rpatroln,ORCA,River Patrol Hardware,ORCA,River Patrol Hardware
robocop2u,DATA EAST,DECO IC16,DATA EAST,DECO IC16
rocnrope,KONAMI,Roc’n Rope Hardware,KONAMI,Roc’n Rope Hardware
rohga,DATA EAST,DECO IC16,DATA EAST,DECO IC16
rungun,KONAMI,GX247 - Run and Gun Hardware,KONAMI,GX247 - Run and Gun Hardware
scotrsht,KONAMI,Scooter Shooter Hardware,KONAMI,Scooter Shooter Hardware
sdgndmps,BANPRESTO,NMK16,NMK,NMK16
grainbow,BANPRESTO,SD Gundam Rainbow Hardware,BANPRESTO,SD Gundam Rainbow Hardware
silvland,TEHKAN,Silver Land Hardware,TEHKAN,Silver Land Hardware
skysmash,NICHIBUTSU,Sky Smasher Hardware,NICHIBUTSU,Sky Smasher Hardware
smashtv,WILLIAMS,Y Unit,WILLIAMS,Y Unit
snowbro2,HANAfram / TOAPLAN,Snow Bros. 2 Hardware,TOAPLAN,Snow Bros. 2 Hardware
snowbrosj,TOAPLAN,Snow Bros. Hardware,TOAPLAN,Snow Bros. Hardware
solomon,TECMO,Solomon’s Key Hardware,TECMO,Solomon’s Key Hardware
sonson,CAPCOM,SonSon Hardware,CAPCOM,SonSon Hardware
spaceace,CINEMATRONICS / ADVANCED MICROCOMPUTER SYSTEMS,Laserdisc - Space Ace,CINEMATRONICS,Laserdisc Hardware
spacerace,ATARI,Space Race TTL,ATARI,Space Race TTL
sprint1,ATARI,Sprint 1 Hardware,ATARI,Sprint 1 Hardware
sprint2,ATARI,Sprint 2 Hardware,ATARI,Sprint 2 Hardware
subs,ATARI,Subs Hardware,ATARI,Subs Hardware
sbasketb,KONAMI,Super Basketball Hardware,KONAMI,Super Basketball Hardware
sbrkout,ATARI,Super Breakout Hardware,ATARI,Super Breakout Hardware
supbtime,DATA EAST,DECO IC16,DATA EAST,DECO IC16
sucasino,DATA EAST,Super Casino Hardware,DATA EAST,Super Casino Hardware
shangon,SEGA,Hang-On Hardware,SEGA,Hang-On Hardware
suprloco,SEGA,Super Locomotive Hardware,SEGA,Super Locomotive Hardware
tankbatt,NAMCO,Tank Battalion Hardware,NAMCO,Tank Battalion Hardware
tmnt2,KONAMI,GX063 - TMNT2 Hardware,KONAMI,GX063 - TMNT2 Hardware
atetris,ATARI,Atari Tetris Hardware,ATARI,Atari Tetris Hardware
edrandy,DATA EAST,DECO IC16,DATA EAST,DECO IC16
fround,KONAMI,GX870 - The Final Round Hardware,KONAMI,GX870 - The Final Round Hardware
lkagebl1,TAITO,The Legend of Kage Hardware,TAITO,The Legend of Kage Hardware
tnextspcj,SNK,A8004-1,SNK,A8004-1
ghostb,DATA EAST,DECO 8-bit - 16-bit,DATA EAST,DECO 8-bit - 16-bit
srumbler,CAPCOM,Speed Rumbler Hardware,CAPCOM,Speed Rumbler Hardware
thndzone,DATA EAST,DECO IC16,DATA EAST,DECO IC16
tnk3,SNK,Triple Z80 Hardware,SNK,Triple Z80 Hardware
toobin,ATARI,Toobin Hardware,ATARI,Toobin Hardware
tricktrp,KONAMI,Labyrinth Runner Hardware,KONAMI,Labyrinth Runner Hardware
triothep,DATA EAST,DECO IC16,DATA EAST,DECO IC16
tripool,NOMA / NAZON,Tri-Pool Hardware,NOMA / NAZON,Tri-Pool Hardware
troangel,IREM,M52,IREM,M52
tumblep,DATA EAST,DECO IC16,DATA EAST,DECO IC16
tshoot,WILLIAMS,Williams 6809 Hardware,WILLIAMS,Williams 6809 Hardware
ultratnk,ATARI,Ultra Tank Hardware,ATARI,Ultra Tank Hardware
vaportra,DATA EAST,DECO 8-bit - 16-bit,DATA EAST,DECO 8-bit - 16-bit
vball,TECHNOS,U.S. Championship V’Ball Hardware,TECHNOS,U.S. Championship V’Ball Hardware
vigilant,IREM,M75,IREM,M75
vindictr,ATARI,System 1,ATARI,System 1
vf,SEGA,Model 1,SEGA,Model 1
wizdfire,DATA EAST,DECO IC16,DATA EAST,DECO IC16
wrally2,GAELCO,GAE1,GAELCO,GAE1
xsleenaba,TECHNOS,Xain’d Sleena Hardware,TECHNOS,Xain’d Sleena Hardware
xybots,ATARI,Xybots Hardware,ATARI,Xybots Hardware
zigzagb,LAX / TECHSTAR,Galaxian-derived Hardware,NAMCO,Galaxian Hardware
zzyzzyxx,CINEMATRONICS,Zzyzzyxx Hardware,CINEMATRONICS,Zzyzzyxx Hardware
mk1wolf_umk3,MIDWAY,Y Unit,MIDWAY,Y Unit
mk2wolf_umk3,MIDWAY,T Unit,MIDWAY,T Unit
astrass,SUNSOFT,ST-V,SEGA,ST-V
batmanfr,ACCLAIM,ST-V,SEGA,ST-V
cotton2,SUCCESS,ST-V,SEGA,ST-V
cottonbm,SUCCESS,ST-V,SEGA,ST-V
ffreveng,CAPCOM / SEGA,ST-V,SEGA,ST-V
groovef,ATLUS,ST-V,SEGA,ST-V
grdforce,SUCCESS,ST-V,SEGA,ST-V
prikura,ATLUS,ST-V,SEGA,ST-V
rsgun,TREASURE,ST-V,SEGA,ST-V
shienryu,WARASHI,ST-V,SEGA,ST-V
sokyugrt,RAIZING,ST-V,SEGA,ST-V
suikoenb,DATA EAST,ST-V,SEGA,ST-V
twcup98,TECMO,ST-V,SEGA,ST-V
mtetrisc,CAPCOM,Aleck 64,SETA,Aleck 64
starsldr,HUDSON SOFT,Aleck 64,SETA,Aleck 64
11beat,HUDSON SOFT,Aleck 64,SETA,Aleck 64
daraku,PSIKYO,Psikyo SH-2,PSIKYO,Psikyo SH-2
dragnblz,PSIKYO,Psikyo SH-2,PSIKYO,Psikyo SH-2
gnbarich,PSIKYO,Psikyo SH-2,PSIKYO,Psikyo SH-2
gunbird2,PSIKYO,Psikyo SH-2,PSIKYO,Psikyo SH-2
loderndf,PSIKYO,Psikyo SH-2,PSIKYO,Psikyo SH-2
mjgtaste,PSIKYO,Psikyo SH-2,PSIKYO,Psikyo SH-2
hotgmcki,PSIKYO,Psikyo SH-2,PSIKYO,Psikyo SH-2
hotdebut,PSIKYO,Psikyo SH-2,PSIKYO,Psikyo SH-2
soldivid,PSIKYO,Psikyo SH-2,PSIKYO,Psikyo SH-2
sbomber,PSIKYO,Psikyo SH-2,PSIKYO,Psikyo SH-2
s1945iii,PSIKYO,Psikyo SH-2,PSIKYO,Psikyo SH-2
s1945ii,PSIKYO,Psikyo SH-2,PSIKYO,Psikyo SH-2
hotgmck3,PSIKYO,Psikyo SH-2,PSIKYO,Psikyo SH-2
hotgm4ev,PSIKYO,Psikyo SH-2,PSIKYO,Psikyo SH-2
hotgmck,PSIKYO,Psikyo SH-2,PSIKYO,Psikyo SH-2
hgkairak,PSIKYO,Psikyo SH-2,PSIKYO,Psikyo SH-2
tgm2,PSIKYO,Psikyo SH-2,PSIKYO,Psikyo SH-2
agallet,GAZELLE - BANPRESTO,CAVE 1st Generation Hardware,CAVE,1st Generation Hardware
agalletj,GAZELLE - BANPRESTO,CAVE 1st Generation Hardware,CAVE,1st Generation Hardware
asurabld,FUUKI,FG-3,FUUKI,FG-3
asurabus,FUUKI,FG-3,FUUKI,FG-3
pbancho,FUUKI,FG-2,FUUKI,FG-2
gogomile,FUUKI,FG-2,FUUKI,FG-2
ninjakd2,UPL,UPL-87003,UPL,UPL-87003
mnight,UPL,UPL-87007,UPL,UPL-87007
arkarea,UPL,UPL-87007,UPL,UPL-87007
robokid,UPL,UPL-88013,UPL,UPL-88013
omegaf,UPL,UPL-89016,UPL,UPL-89016
rtype,IREM,M72,IREM,M72
rtype2,IREM,M84,IREM,M84
hharryu,IREM,M84,IREM,M84
airduelm72,IREM,M72,IREM,M72
gallopm72,IREM,M72,IREM,M72
imgfight,IREM,M72,IREM,M72
lohtj,IREM,M72,IREM,M72
mrheli,IREM,M72,IREM,M72
nspiritj,IREM,M72,IREM,M72
xmultiplm72,IREM,M72,IREM,M72
dbreedjm72,IREM,M72,IREM,M72
