filename	setname	genre	subgenre	source	source_category
1941 Counter Attack (World 900227).mra	1941	SHOOT EM UP	VERTICAL	HEURISTIC	
1942 (Revision B).mra	1942	SHOOT EM UP	VERTICAL	HEURISTIC	
1943 Kai Midway Kaisen (Japan).mra	1943kai	SHOOT EM UP	VERTICAL	HEURISTIC	
1943 The Battle of Midway (Euro).mra	1943	SHOOT EM UP	VERTICAL	HEURISTIC	
1943 The Battle of Midway Mark II (US).mra	1943mii	SHOOT EM UP	VERTICAL	HEURISTIC	
1944 The Loop Master (Europe 000620).mra	1944	SHOOT EM UP	VERTICAL	HEURISTIC	
19XX The War Against Destiny (Europe 960104).mra	19xx	SHOOT EM UP	VERTICAL	HEURISTIC	
280Z-ZZAP (US).mra	280zzzap	CORRIDA		MRA_CATEGORY	Racing
4D Warriors (315-5162).mra	4dwarrio	SHOOT EM UP	HORIZONTAL	MRA_CATEGORY	Shooter - Horizontal
720 Degrees (rev 4).mra	720	ESPORTES	SKATE	CURATED_V1	Arcade
A.B. Cop (World).mra	abcop	CORRIDA	MOTOS	CURATED_V2	Shooter / Flight
Ace Attacker (Japan, S16A) [FD1094 317-0060].mra	aceattaca	ESPORTES	VOLEI	CURATED_V2	
Act-Fancer Cybernetick Hyper Weapon (World revision 3).mra	actfancr	PLATAFORMA		MRA_CATEGORY	Platformer
Action Fighter (World, S16A) [FD1089A 317-0018].mra	afighter	SHOOT EM UP		CURATED_V1	
Adventure Canoe.mra	adcanoe	ACAO		MRA_CATEGORY	Action
Adventure Quiz Capcom World 2 (Japan 920611).mra	cworld2j	QUIZ		HEURISTIC	
Aero Fighters (FF, Video System, 1992).mra	aerofgt	SHOOT EM UP	VERTICAL	CURATED_V1	
After Burner (Ver 1.32).mra	aburner	SHOOT EM UP	AEREO	MRA_CATEGORY	Shooter / Flight
After Burner II.mra	aburner2	SHOOT EM UP	AEREO	MRA_CATEGORY	Shooter / Flight
Ah Eikou no Koshien (Japan).mra	koshien	ESPORTES	BASEBALL	HEURISTIC	
Air Assault (World).mra	airass	SHOOT EM UP		MRA_CATEGORY	Shooter
Air Duel (World, M72 hardware).mra	airduelm72	SHOOT EM UP		MRA_CATEGORY	Shooter
Air Gallet (Europe).mra	agallet	SHOOT EM UP	VERTICAL	MRA_CATEGORY	Vertical Shooter
Airwolf.mra	airwolf	SHOOT EM UP		MRA_CATEGORY	Shooter
Ajax.mra	ajax	SHOOT EM UP	VERTICAL	CURATED_V1	
Akai Katana (Japan, 2010.8.13 MASTER VER.).mra	akatana	SHOOT EM UP		MRA_CATEGORY	Shooter
Akuu Gallet (Japan).mra	agalletj	SHOOT EM UP	VERTICAL	CURATED_V1	
Alcon Bootleg.mra	alcon	SHOOT EM UP		MRA_CATEGORY	Shooter
Alex Kidd The Lost Stars (Set 2, World, S16A) [No Protection].mra	alexkidd	PLATAFORMA		HEURISTIC	
Ali Baba and 40 Thieves.mra	alibaba	LABIRINTO		MRA_CATEGORY	Maze
Alien Arena (Stargate upgrade).mra	alienaru	ACAO		MRA_CATEGORY	Arena
Alien Sector.mra	aliensec	SHOOT EM UP		CURATED_V1	
Alien Storm (World, 2 Players) (FD1094 317-0154).mra	astorm	BEAT EM UP		CURATED_V1	
Alien Syndrome (set 4, System 16B, unprotected).mra	aliensyn	RUN AND GUN		CURATED_V1	
Alien vs. Predator (Europe 940520).mra	avsp	BEAT EM UP		HEURISTIC	
Aliens (World set 1).mra	aliens	RUN AND GUN		CURATED_V1	
Alligator Hunt (Gaelco, V.002).mra	aligator	TIRO	TERCEIRA PESSOA	CURATED_V1	
Alpine Ski.mra	alpine	CORRIDA		MRA_CATEGORY	Racing
Altered Beast (set 8) (8751 317-0078).mra	altbeast	BEAT EM UP		HEURISTIC	
Amazing Maze.mra	maze	LABIRINTO		MRA_CATEGORY	Maze
Amidar (Scramble).mra	amidars	LABIRINTO		MRA_CATEGORY	Maze
Angler Dangler (DECO).mra	cadanglr	ESPORTES		MRA_CATEGORY	Sports
Anteater.mra	anteater	LABIRINTO		MRA_CATEGORY	Maze
APB - All Points Bulletin (rev 7).mra	apb	CORRIDA		CURATED_V1	Arcade
Arabian.mra	arabian	ACAO		MRA_CATEGORY	Action
Arcade-MK1Wolf_UMK3core_20260719.mra	mk1wolf_umk3	LUTA	VERSUS	HEURISTIC	
Arcade-MK2Wolf_UMK3core_20260719.mra	mk2wolf_umk3	LUTA	VERSUS	HEURISTIC	
Arcade-UMK3_SRT_ERASE.mra	umk3	LUTA	VERSUS	HEURISTIC	
Ark Area.mra	arkarea	SHOOT EM UP		MRA_CATEGORY	Shooter
Arkanoid (W).mra	arkanoid	BREAKOUT - PADDLE		MRA_CATEGORY	Ball and Paddle
Arkanoid - Revenge of DOH (World).mra	arknoid2	BREAKOUT - PADDLE		CURATED_V1	
Armed F (Japan).mra	armedf	SHOOT EM UP		MRA_CATEGORY	Shoot 'em up
Armed Police Batrider (Japan, B Version) (Fri Feb 13 1998).mra	batriderj	SHOOT EM UP		MRA_CATEGORY	Shoot'em up
Armored Car.mra	armorcar	LABIRINTO		MRA_CATEGORY	Maze
Armored Warriors (Europe 941024).mra	armwar	BEAT EM UP		HEURISTIC	
ASO.mra	aso	SHOOT EM UP	VERTICAL	MRA_CATEGORY	Shooter / Flying Vertical
Asteroids Deluxe (v3 green).mra	astdelux	SHOOT EM UP	MULTIDIRECIONAL	MRA_CATEGORY	Shooter - Multi-directional
Asteroids Deluxe (v3 orange).mra	astdelux	SHOOT EM UP	MULTIDIRECIONAL	MRA_CATEGORY	Shooter - Multi-directional
Asteroids.mra	asteroid	SHOOT EM UP	MULTIDIRECIONAL	MRA_CATEGORY	Shooter - Multi-directional
Astra SuperStars (J 980514 V1.002).mra	astrass	LUTA	VERSUS	CURATED_V1	
Astro Fantasia (DECO).mra	castfant	SHOOT EM UP		MRA_CATEGORY	Shooter
Asuka & Asuka (World).mra	asuka	SHOOT EM UP	VERTICAL	CURATED_V1	Action
Asuka & Asuka (World, bazset).mra	asuka	SHOOT EM UP	VERTICAL	CURATED_V1	
Asura Blade - Sword of Dynasty (Japan).mra	asurabld	LUTA	VERSUS	MRA_CATEGORY	Fight
Asura Buster - Eternal Warriors (USA).mra	asurabus	LUTA	VERSUS	MRA_CATEGORY	Fight
Ataxx (rev 5).mra	ataxx	PUZZLE		MRA_CATEGORY	Puzzle
Athena.mra	athena	ACAO		MRA_CATEGORY	Action
Atomic Robo-Kid.mra	robokid	PLATAFORMA		MRA_CATEGORY	Platform
Atomic Runner Chelnov (World).mra	chelnov	PLATAFORMA		CURATED_V1	
Attack Force.mra	attackfc	TIRO	LIGHT GUN	MRA_CATEGORY	Shooter - Gallery
Aurail (set 3, US) (unprotected).mra	aurail	SHOOT EM UP		CURATED_V1	
Avengers (US, rev. D).mra	avengers	BEAT EM UP		CURATED_V1	
Azurian Attack.mra	azurian	SHOOT EM UP	MULTIDIRECIONAL	MRA_CATEGORY	Shooter - Multidirectional
Back Fire (Tecmo).mra	backfirt	SHOOT EM UP	HORIZONTAL	MRA_CATEGORY	Shooter - Horizontal
Bad Dudes vs. Dragonninja (US, revision 1).mra	baddudes	BEAT EM UP		CURATED_V1	
Badlands.mra	badlands	CORRIDA		MRA_CATEGORY	Driving
Bagman.mra	bagman	PLATAFORMA		MRA_CATEGORY	Platform - Climb
Baku Baku Animal (J 950407 V1.000).mra	bakubaku	PUZZLE		HEURISTIC	
Bakutotsu Kijuutei.mra	bakutotu	SHOOT EM UP	HORIZONTAL	CURATED_V1	
Balloon Bomber.mra	ballbomb	TIRO	LIGHT GUN	MRA_CATEGORY	Shooter - Gallery
Balloon Brothers.mra	ballbros	PUZZLE		HEURISTIC	
Baluba-louk no Densetsu (Japan).mra	baluba	PLATAFORMA		MRA_CATEGORY	Platform
BankPanic.mra	bankp	TIRO	PRIMEIRA PESSOA	MRA_CATEGORY	Shooter/1stPerson
Batman Forever (JUE 960507 V1.000).mra	batmanfr	BEAT EM UP		CURATED_V1	
Batman.mra	batman	BEAT EM UP		CURATED_V3	Beat 'em up
Battle Arena Toshinden 2 (USA).mra	ts2u	LUTA	VERSUS	MRA_CATEGORY	Fighting
Battle Bakraid - Unlimited Version (Japan) (Tue Jun 8 1999).mra	bbakraidj	SHOOT EM UP		MRA_CATEGORY	Shoot'em up
Battle Circuit (Europe 970319).mra	batcir	BEAT EM UP		HEURISTIC	
Battle Garegga (Europe - USA - Japan - Asia) (Sat Feb 3 1996).mra	bgaregga	SHOOT EM UP		MRA_CATEGORY	Shoot'em up
Battle K-Road.mra	btlkroad	LUTA	VERSUS	MRA_CATEGORY	Fight
Battle of Atlantis.mra	atlantis2	SHOOT EM UP	HORIZONTAL	MRA_CATEGORY	Shooter - Horizontal
Battle Zone rev 2.mra	bzone	ACAO		MRA_CATEGORY	Army / Tank 3D
Bay Route (set 3, World) (FD1094 317-0116).mra	bayroute	RUN AND GUN		CURATED_V1	
Berzerk.mra	berzerk	SHOOT EM UP	MULTIDIRECIONAL	MRA_CATEGORY	Shooter - Multidirectional
Big Karnak (ver. 1.0, checksum 1e38c94).mra	bigkarnk	PLATAFORMA		CURATED_V1	
Billiard.mra	bilyard	ESPORTES		MRA_CATEGORY	Sports
Bio Attack.mra	bioatack	SHOOT EM UP		MRA_CATEGORY	Shooter
Biomechanical Toy (ver. 1.0.1885, checksum 69f5e032).mra	biomtoy	RUN AND GUN		CURATED_V1	
Bionic Commando (Euro).mra	bionicc	RUN AND GUN		HEURISTIC	
Birdiy.mra	birdiy	LABIRINTO		MRA_CATEGORY	Maze
Bishoujo Senshi Sailor Moon (Version 95-03-22B, Japan).mra	sailormn	BEAT EM UP		MRA_CATEGORY	Beat 'em up
Black Hole.mra	blkhole	SHOOT EM UP	VERTICAL	MRA_CATEGORY	Shooter - Vertical
Black Tiger.mra	blktiger	PLATAFORMA		HEURISTIC	
Black Widow.mra	bwidow	SHOOT EM UP	TUBO	MRA_CATEGORY	Shooter - Tube
Blade Master (World).mra	bmaster	BEAT EM UP		MRA_CATEGORY	Brawler
Blast Off (Japan).mra	blastoff	SHOOT EM UP	VERTICAL	HEURISTIC	
Blaster.mra	blaster	SHOOT EM UP	AEREO	CURATED_V3	First-person rail shooter
Blasteroids.mra	blstroid	SHOOT EM UP	MULTIDIRECIONAL	CURATED_V1	
Blasto.mra	blasto	LABIRINTO		CURATED_V1	
Blazer (Japan).mra	blazer	SHOOT EM UP	VERTICAL	CURATED_V1	
Block Block (World 911219 Joystick).mra	block	BREAKOUT - PADDLE		CURATED_V1	
Block Gal.mra	blockgal	BREAKOUT - PADDLE		MRA_CATEGORY	Ball and Paddle
Block Out (set 1).mra	blockout	PUZZLE		CURATED_V1	
Blockade.mra	blockade	LABIRINTO		CURATED_V1	
Blood Bros (World).mra	bloodbro	SHOOT EM UP		MRA_CATEGORY	Shoot
Bloxeed (Japan) (FD1094 317-0139).mra	bloxeed	PUZZLE		HEURISTIC	
Blue Print.mra	blueprnt	LABIRINTO		MRA_CATEGORY	Maze
Blue Shark.mra	blueshrk	TIRO	LIGHT GUN	MRA_CATEGORY	Shooter - Gallery
Body Slam (World, S16) [8751 317-0015].mra	bodyslam	ESPORTES	LUTA LIVRE	CURATED_V1	
Bomb Jack.mra	bombjack	PLATAFORMA		MRA_CATEGORY	Puzzle - Platform
Bomber Man - Dyna Blaster.mra	dynablst	LABIRINTO		CURATED_V1	
Bomber Man World - New Dyna Blaster - Global Quest.mra	bbmanw	LABIRINTO		CURATED_V1	
Bonze Adventure (World, bazset).mra	bonzeadv	PLATAFORMA		HEURISTIC	
Bonze Adventure (World, rev 1).mra	bonzeadv	PLATAFORMA		MRA_CATEGORY	Platform
Boogie Wings (Euro v1.5, 92.12.07).mra	boogwing	ACAO		MRA_CATEGORY	Action
Boogie Wings (USA v1.7, 92.12.14).mra	boogwingu	SHOOT EM UP		MRA_CATEGORY	Shoot em up
Boogie Wings (USA, v1.7, 92.12.14).mra	boogwingu	SHOOT EM UP		MRA_CATEGORY	Shoot &apos;Em Up
Boot Hill.mra	boothill	SHOOT EM UP	MULTIDIRECIONAL	MRA_CATEGORY	Shooter - Multidirectional
Bosconian - Star Destroyer (new version).mra	bosco	SHOOT EM UP	MULTIDIRECIONAL	MRA_CATEGORY	Shooter - Multidirectional
Botanic (English, Spanish, Set 1).mra	botanic	LABIRINTO		MRA_CATEGORY	Maze
Boulder Dash (DECO).mra	cbdash	LABIRINTO		MRA_CATEGORY	Maze
Boulder Dash - Boulder Dash Part 2 (World).mra	bouldash	LABIRINTO		CURATED_V1	
Boxy Boy (World, SB2).mra	boxyboy	PUZZLE		HEURISTIC	
Bradley Trainer.mra	bradley	ACAO		MRA_CATEGORY	Army / Tank 3D
Breakout (TTL).mra	breakout	BREAKOUT - PADDLE		MRA_CATEGORY	Ball and Paddle
Bronx (bootleg of Cycle Shooting).mra	bronx	TIRO	LIGHT GUN	HEURISTIC	
Brute Force.mra	brutforc	SHOOT EM UP		MRA_CATEGORY	Shooter
Bubble Bobble (Japan, Ver 0.1).mra	bublbobl	PLATAFORMA		CURATED_V1	
Bubbles.mra	bubbles	ACAO		MRA_CATEGORY	Arena
Buck Rogers Planet of Zoom (not encrypted, set 1).mra	buckrogn	SHOOT EM UP	AEREO	MRA_CATEGORY	Shooter - Flying
Bucky O'Hare.mra	bucky	RUN AND GUN		CURATED_V1	
Bull Fight (315-5056).mra	bullfgt	ACAO		MRA_CATEGORY	Arena
Bullet (FD1094 317-0041).mra	bullet	SHOOT EM UP		CURATED_V1	
Burger Time (DECO).mra	cbtime	PLATAFORMA		MRA_CATEGORY	Platformer
Burger Time (Set 1).mra	btime	PLATAFORMA		MRA_CATEGORY	Platform - Climb
Burnin Rubber (DECO).mra	cburnrub	CORRIDA		MRA_CATEGORY	Driving
Burnin' Rubber.mra	brubber	CORRIDA		MRA_CATEGORY	Racing
Cabal (World, Joystick).mra	cabal	TIRO	GALERIA	CURATED_V1	
Cadash (World).mra	cadash	RPG - AVENTURA		MRA_CATEGORY	Action / RPG
Cadash (World, bazset).mra	cadash	RPG - AVENTURA		CURATED_V1	
Cadillacs and Dinosaurs (World 930201).mra	dino	BEAT EM UP		HEURISTIC	
Caliber 50 (Ver. 1.01).mra	calibr50	RUN AND GUN		CURATED_V1	
Calipso.mra	calipso	SHOOT EM UP	MULTIDIRECIONAL	MRA_CATEGORY	Shooter - Multidirectional
Cameltry (World, YM2610).mra	cameltry	LABIRINTO		CURATED_V1	
Canyon Bomber.mra	canyon	TIRO	LIGHT GUN	MRA_CATEGORY	Shooter - Gallery
Capcom Sports Club (Europe 971017).mra	csclub	ESPORTES		CURATED_V1	
Capcom World (Japan).mra	cworld	QUIZ		HEURISTIC	
Captain America and The Avengers (US, Rev 1.9).mra	captavenu	BEAT EM UP		MRA_CATEGORY	Beat em up
Captain Commando (World 911202).mra	captcomm	BEAT EM UP		HEURISTIC	
Carnival.mra	carnival	SHOOT EM UP	VERTICAL	MRA_CATEGORY	Shooter - Fixed vertical
Carrier Air Wing (World 901012).mra	cawing	SHOOT EM UP	HORIZONTAL	HEURISTIC	
Catacomb.mra	catacomb	SHOOT EM UP	VERTICAL	MRA_CATEGORY	Shooter - Vertical
Cavelon.mra	cavelon	LABIRINTO		MRA_CATEGORY	Maze - Horizontal
Caveman Ninja (World ver 4).mra	cninja	PLATAFORMA		HEURISTIC	
Caveman Ninja (World, Ver. 4).mra	cninja	PLATAFORMA		MRA_CATEGORY	Platform
Centipede (Rev 4).mra	centiped	TIRO	LIGHT GUN	MRA_CATEGORY	Shooter - Gallery
Chameleon.mra	chameleo	PLATAFORMA		MRA_CATEGORY	Platform
Champion Base Ball Part-2.mra	champbb2	ESPORTES		MRA_CATEGORY	Sports
Champion Base Ball.mra	champbas	ESPORTES		MRA_CATEGORY	Sports
Championship Sprint (rev 3).mra	csprint	CORRIDA		CURATED_V1	Arcade
Change Air Blade.mra	cairblad	SHOOT EM UP	VERTICAL	CURATED_V2	
China Gate (US).mra	chinagat	PLATAFORMA		MRA_CATEGORY	Platformer
Chou Zetsurinjin Berabowman (Japan, Rev C).mra	berabohm	PLATAFORMA		HEURISTIC	
Chouji Meikyuu Legion (Japan ver 1.05, set 2).mra	legionj2	SHOOT EM UP		MRA_CATEGORY	Shoot 'em up
Choukou Senki Kikaioh (Japan).mra	kikaioh	LUTA	VERSUS	MRA_CATEGORY	Fighting
Chuka Taisen (World) (P0-028-A PCB).mra	chukatai	SHOOT EM UP	HORIZONTAL	CURATED_V1	
Circus Charlie (level select, set 1).mra	circusc	PLATAFORMA		CURATED_V1	
City Connection (set 1).mra	citycon	CORRIDA		MRA_CATEGORY	Driving / Action
Clean Sweep.mra	cleansweept	LABIRINTO		MRA_CATEGORY	Maze
Cliff Hanger.mra	cliffhgr	RPG - AVENTURA		MRA_CATEGORY	LaserDisc
Clockwork Aquario (prototype).mra	aquario	PLATAFORMA		CURATED_V1	
Clowns.mra	clowns	BREAKOUT - PADDLE		MRA_CATEGORY	Ball and Paddle
Cluster Buster (DECO).mra	cgraplop	ACAO		MRA_CATEGORY	Action
Clutch Hitter (US) (FD1094 317-0176).mra	cltchitr	ESPORTES	BASEBALL	HEURISTIC	
Cobra-Command (World, Rev. 5).mra	cobracom	SHOOT EM UP		MRA_CATEGORY	Shooter
Colony 7 (Set 1).mra	colony7	TIRO	LIGHT GUN	MRA_CATEGORY	Shooter - Gallery
Columns '97 (JET 961209 V1.000).mra	colmns97	PUZZLE		HEURISTIC	
Combat Hawk.mra	combh	TIRO	PRIMEIRA PESSOA	MRA_CATEGORY	Shooter/1stPerson
Combat School (joystick).mra	combatsc	MULTIJOGOS - MINIGAMES		CURATED_V1	
Commando (World).mra	commando	RUN AND GUN		HEURISTIC	
CoMotion.mra	comotion	LABIRINTO		CURATED_V1	
Complex X.mra	complexx	LABIRINTO		MRA_CATEGORY	Maze
Computer Space.mra		SHOOT EM UP	MULTIDIRECIONAL	MRA_CATEGORY	Shooter - Multidirectional
Congo Bongo.mra	congo	PLATAFORMA		MRA_CATEGORY	Isometric Platform | Jungle
Contra (US - Asia, set 1).mra	contra	RUN AND GUN		HEURISTIC	
Cosmic Alien.mra	cosmica	SHOOT EM UP		MRA_CATEGORY	Space
Cosmic Avenger.mra	cavenger	SHOOT EM UP	HORIZONTAL	MRA_CATEGORY	Shooter - Horizontal
Cosmic Guerilla.mra	cosmicg	SHOOT EM UP		MRA_CATEGORY	Space
Cosmo Police Galivan (12-26-1985).mra	galivan	PLATAFORMA		MRA_CATEGORY	Platform
Cosmo.mra	cosmo	TIRO	LIGHT GUN	MRA_CATEGORY	Shooter - Gallery
Cotton (set 4, World) (FD1094 317-0181a).mra	cotton	SHOOT EM UP	HORIZONTAL	HEURISTIC	
Cotton 2 (JUET 970902 V1.000).mra	cotton2	SHOOT EM UP	HORIZONTAL	HEURISTIC	
Cotton Boomerang (JUET 980709 V1.000).mra	cottonbm	SHOOT EM UP	HORIZONTAL	HEURISTIC	
Country Club.mra	countryc	ESPORTES	GOLFE	MRA_CATEGORY	Sport Golf
CPS1 Multi Game.mra	cps1mult	MULTIJOGOS - MINIGAMES		HEURISTIC	
Crater Raider.mra	crater	SHOOT EM UP	MULTIDIRECIONAL	MRA_CATEGORY	Shooter - Multidirectional
Crayon Shinchan Orato Asobo (Japan).mra	qcrayon2	QUIZ		CURATED_V1	
Crazy Balloon.mra	crbaloon	LABIRINTO		MRA_CATEGORY	Maze
Crazy Climber 2 (Japan).mra	cclimbr2	PLATAFORMA		MRA_CATEGORY	Platformer
Crazy Climber.mra	cclimber	PLATAFORMA		MRA_CATEGORY	Platform - Climb
Crazy Kong (Kyoei).mra	ckong	PLATAFORMA		MRA_CATEGORY	Platform - Climb
Crazy Kong Part II (Set 1).mra	ckongpt2	PLATAFORMA		MRA_CATEGORY	Platform - Climb
Crime Fighters (World 2 players).mra	crimfght	BEAT EM UP		HEURISTIC	
Crude Buster (World FX version).mra	cbuster	BEAT EM UP		CURATED_V1	
Crude Buster (World, FX version).mra	cbuster	BEAT EM UP		MRA_CATEGORY	Beat em up
Cruis'n USA (rev L4.4) [Patreon].mra	crusnusa44	CORRIDA		HEURISTIC	
Cruis'n World (rev L2.5) [Patreon].mra	crusnwld	CORRIDA		HEURISTIC	
Cruisn USA.mra	crusnusa44	CORRIDA		HEURISTIC	
Crush Roller (Set 2).mra	crush2	LABIRINTO		MRA_CATEGORY	Maze
Crystal Castles.mra	ccastles	LABIRINTO		MRA_CATEGORY	Action / Labyrinth
Cyber Police ESWAT (set 4, World) (FD1094 317-0130).mra	eswat	RUN AND GUN		CURATED_V1	
Cyberbots Fullmetal Madness (Europe 950424).mra	cybots	LUTA	VERSUS	HEURISTIC	
D-Con.mra	dcon	SHOOT EM UP		MRA_CATEGORY	Shoot
D. D. Crew (World, 3 Players) (FD1094 317-0190).mra	ddcrew	BEAT EM UP		CURATED_V1	
Danchi de Hanafuda (J 990607 V1.400).mra	danchih	MESA - CARTAS	MAHJONG	CURATED_V1	
Danchi de Quiz Okusan Yontaku Desuyo! (J 001128 V1.200).mra	danchiq	QUIZ		HEURISTIC	
Dangerous Seed (Japan).mra	dangseed	SHOOT EM UP	VERTICAL	HEURISTIC	
Danny Sullivan's Indy Heat (rev 1).mra	indyheat	CORRIDA		MRA_CATEGORY	Racing
Daraku Tenshi The Fallen Angels.mra	daraku	LUTA	VERSUS	CURATED_V1	
Darius (World).mra	darius	SHOOT EM UP		MRA_CATEGORY	Shooter
Darius II (Japan, rev 1).mra	darius2	SHOOT EM UP		MRA_CATEGORY	Shooter
Dark Planet.mra	darkplnt	SHOOT EM UP	MULTIDIRECIONAL	MRA_CATEGORY	Shooter - Multidirectional
Dark Seal (World, Rev. 3).mra	darkseal	BEAT EM UP		MRA_CATEGORY	Beat em up
Darkstalkers The Night Warriors (Europe 940705).mra	dstlk	LUTA	VERSUS	HEURISTIC	
Dead Connection (World).mra	deadconx	RUN AND GUN		CURATED_V1	
Deathsmiles (Japan, 2007-10-09 MASTER VER) .mra	deathsml	SHOOT EM UP		MRA_CATEGORY	Shooter
Deathsmiles MegaBlack Label (Japan, 2008.10.06 MEGABLACK LABEL VER).mra	dsmbl	SHOOT EM UP		MRA_CATEGORY	Shooter
Decathlete (JUET 960709 V1.001).mra	decathlt	ESPORTES	ATLETISMO	CURATED_V2	
DECO Darksoft Multigame (DECO).mra	decodark	MULTIJOGOS - MINIGAMES		MRA_CATEGORY	Multigame
DECO Test Tape (DECO).mra	ctsttape	OUTROS	UTILITY	MRA_CATEGORY	Utility
DECO Widel Multigame (DECO).mra	decomult	MULTIJOGOS - MINIGAMES		MRA_CATEGORY	Multigame
Defender (Red Label).mra	defender	SHOOT EM UP	HORIZONTAL	MRA_CATEGORY	Shooter - Horizontal
Demolition Derby (MCR-3 Mono Board Version).mra	demoderm	CORRIDA		MRA_CATEGORY	Racing
Demon Front (ver. 105).mra	dmnfrnt	RUN AND GUN		CURATED_V2	
Demon's World - Horror Story (Set 3).mra	demonwld2	PLATAFORMA		MRA_CATEGORY	Platform
Denjin Makai (set 1).mra	denjinmk	BEAT EM UP		MRA_CATEGORY	Beat'em up
Desert Breaker (World) (FD1094 317-0196).mra	desertbr	RUN AND GUN		CURATED_V1	
Devil Fish (Galaxian Hardware).mra	devilfsg	LABIRINTO		MRA_CATEGORY	Maze
Devil World.mra	devilw	RUN AND GUN		CURATED_V1	
Devil Zone.mra	devzone	SHOOT EM UP		MRA_CATEGORY	Space
Die Hard Arcade (UET 960515 V1.000).mra	diehard	BEAT EM UP		HEURISTIC	
Diet Go Go (Europe, Set 1).mra	dietgo	PLATAFORMA		MRA_CATEGORY	Platform
Dig Dug (Rev 2).mra	digdug	LABIRINTO		MRA_CATEGORY	Maze
Dig Dug II (New Ver).mra	digdug2	LABIRINTO		MRA_CATEGORY	Maze
Dimahoo (Europe 000121).mra	dimahoo	SHOOT EM UP	VERTICAL	HEURISTIC	
Dino Rex (World).mra	dinorex	LUTA	VERSUS	HEURISTIC	
Discs of Tron.mra	dotron	ESPORTES		MRA_CATEGORY	Sports
DoDonPachi (World, 1997 2-5 Master Ver.).mra	ddonpach	SHOOT EM UP		MRA_CATEGORY	Shooter
DoDonPachi Dai-Fukkatsu Ver 1.5 (Japan, 2008.06.23 MASTER VER 1.5).mra	ddpdfk	SHOOT EM UP		MRA_CATEGORY	Shooter
DoDonPachi II - Bee Storm (World, ver. 102).mra	ddp2	SHOOT EM UP	VERTICAL	CURATED_V1	
DoDonPachi III (World, 2002.05.15 Master Ver).mra	ddp3	SHOOT EM UP	VERTICAL	CURATED_V1	
DoDonPachi SaiDaiOuJou (Japan, 2012.4.20).mra	ddpsdoj	SHOOT EM UP		MRA_CATEGORY	Shooter
Dogyuun.mra	dogyuun	SHOOT EM UP		MRA_CATEGORY	Shoot'em up
Dokaben (Japan).mra	dokaben	ESPORTES	BASEBALL	CURATED_V1	
Dokaben 2 (Japan).mra	dokaben2	ESPORTES	BASEBALL	CURATED_V1	
Domino Man.mra	domino	ACAO		MRA_CATEGORY	Action
Dominos.mra	dominos	LABIRINTO		MRA_CATEGORY	Maze
Don Doko Don (World, rev 1).mra	dondokod	PLATAFORMA		HEURISTIC	
Donkey Kong (US, Set 1).mra	dkong	PLATAFORMA		MRA_CATEGORY	Platform - Climb
Donkey Kong 3 (US).mra	dkong3	SHOOT EM UP		MRA_CATEGORY	Shooter
Donkey Kong Junior (US, Set F-2).mra	dkongjr	PLATAFORMA		MRA_CATEGORY	Platform - Climb
DonPachi (US).mra	donpachi	SHOOT EM UP		MRA_CATEGORY	Shooter
Dorodon (Set 1).mra	dorodon	LABIRINTO		MRA_CATEGORY	Maze
Dottori-Kun (new).mra	dotrikun	LABIRINTO		MRA_CATEGORY	Maze
Double Dragon (World set 1).mra	ddragon	BEAT EM UP		CURATED_V1	
Double Dragon II The Revenge (World).mra	ddragon2	BEAT EM UP		CURATED_V1	
Double Dribble.mra	ddribble	ESPORTES	BASQUETE	CURATED_V1	
Double Wings (Asia).mra	dblewingb	SHOOT EM UP		MRA_CATEGORY	Shoot &apos;Em Up
Dr. Toppel's Adventure (World).mra	drtoppel	SHOOT EM UP	VERTICAL	CURATED_V1	
Dragon Blaze.mra	dragnblz	SHOOT EM UP	VERTICAL	CURATED_V2	
Dragon Breed (Japan, M72 hardware).mra	dbreedjm72	SHOOT EM UP		MRA_CATEGORY	Shooter
Dragon Buster.mra	drgnbstr	PLATAFORMA		CURATED_V1	
Dragon Spirit (new version (DS3)).mra	dspirit	SHOOT EM UP	VERTICAL	HEURISTIC	
Dragon World 2001 (ver. 100, Japan).mra	dw2001	PUZZLE		CURATED_V1	
Dragon World 3 (ver. 106).mra	drgw3	PUZZLE		CURATED_V1	
Dragon World 3 EX (ver. 100).mra	dwex	PUZZLE		CURATED_V1	
Dragon's Lair.mra	dlair	RPG - AVENTURA		MRA_CATEGORY	LaserDisc
Dream Shopper.mra	dremshpr	LABIRINTO		MRA_CATEGORY	Maze
Dream Soccer '94 (World, M107 hardware).mra	dsoccr94	SHOOT EM UP		MRA_CATEGORY	Shooter
Drift Out '94 - The Hard Order.mra	drifto94	CORRIDA		HEURISTIC	
Drift Out (Europe).mra	driftout	CORRIDA		HEURISTIC	
DS Telejan (DECO).mra	cdsteljn	ACAO		MRA_CATEGORY	Action
Dungeons & Dragons Shadow over Mystara (Europe 960619).mra	ddsom	BEAT EM UP		HEURISTIC	
Dungeons & Dragons Tower of Doom (Europe 940412).mra	ddtod	BEAT EM UP		HEURISTIC	
Dunk Shot (Rev C, FD1089A 317-0022).mra	dunkshot	ESPORTES	BASQUETE	HEURISTIC	
Dyna Gear.mra	dynagear	BEAT EM UP		CURATED_V1	
Dynamite Dux (set 3, World) (FD1094 317-0096).mra	ddux	BEAT EM UP		HEURISTIC	
Dynasty Wars (USA, B-Board 89624B-x).mra	dynwar	BEAT EM UP		HEURISTIC	
Eco Fighters (World 931203).mra	ecofghtr	SHOOT EM UP	HORIZONTAL	CURATED_V2	
Eeek! (Pac-Man Conversion).mra	eeekkp	PLATAFORMA		MRA_CATEGORY	Platform - Climb
Eggor.mra	eggor	LABIRINTO		MRA_CATEGORY	Maze
Ejihon Tantei Jimusyo (J 950613 V1.000).mra	ejihon	PUZZLE		CURATED_V1	
Elevator Action.mra	elevator	PLATAFORMA		MRA_CATEGORY	Platform
Eleven Beat.mra	11beat	ESPORTES		MRA_CATEGORY	Sports
Eliminator (2 Players, set 2).mra	elim2a	SHOOT EM UP		MRA_CATEGORY	Shooter
Empire Strikes Back.mra	esb	SHOOT EM UP		MRA_CATEGORY	Shooter
Enduro Racer (Rev A, YM2151, FD1089B 317-0013A).mra	enduror	CORRIDA		HEURISTIC	
Escape from the Planet of the Robot Monsters (set 1).mra	eprom	RUN AND GUN	ISOMETRICO	CURATED_V1	Arcade
Escape Kids (Asia, 4 Players).mra	esckids	ESPORTES		CURATED_V1	
ESP Ra.De. (World, 1998 4-22 International Ver.).mra	esprade	SHOOT EM UP		MRA_CATEGORY	Shooter
Espgaluda (2003.10.15 Master Ver).mra	espgal	SHOOT EM UP	VERTICAL	CURATED_V1	
Espgaluda II (Japan, 2005-11-14.MASTER VER.).mra	espgal2	SHOOT EM UP		MRA_CATEGORY	Shooter
Euro Champ '92 (World).mra	euroch92	ESPORTES	FUTEBOL	CURATED_V1	
Excite League (FD1094 317-0079).mra	exctleag	ESPORTES	BASEBALL	HEURISTIC	
Exciting Soccer II.mra	exctscc2	ESPORTES		MRA_CATEGORY	Sports
Exciting Soccer.mra	exctsccr	ESPORTES		MRA_CATEGORY	Sports
Exed Exes.mra	exedexes	SHOOT EM UP	VERTICAL	HEURISTIC	
Exerion (Taito).mra	exeriont	SHOOT EM UP		MRA_CATEGORY	Shooter
Explorer (DECO).mra	cexplore	ACAO		MRA_CATEGORY	Action
Express Raider.mra	exprraid	BEAT EM UP		MRA_CATEGORY	Platform / Fighter Scrolling
Extermination (World).mra	extrmatn	SHOOT EM UP	VERTICAL	CURATED_V1	
Extra Bases.mra	ebases	ESPORTES		MRA_CATEGORY	Sports
Eyes (US, Set 1).mra	eyes	LABIRINTO		MRA_CATEGORY	Maze
F-1 Dream.mra	f1dream	CORRIDA		CURATED_V1	
F-1 Grand Prix (set 1).mra	f1gp	CORRIDA		CURATED_V3	Driving / Race
Face Off (Japan 2 Players).mra	faceoff	ESPORTES		CURATED_V1	
Fantasy Zone (Rev A, World, S16A) [No Protection].mra	fantzone	SHOOT EM UP	HORIZONTAL	HEURISTIC	
Fantasy Zone II - The Tears of Opa-Opa (System 16C version).mra	fantzn2x	SHOOT EM UP	HORIZONTAL	HEURISTIC	
Fantasy Zone II - The Tears of Opa-Opa.mra	fantzn2	SHOOT EM UP		MRA_CATEGORY	Shooter
Fantasy.mra	fantasyu	SHOOT EM UP		MRA_CATEGORY	Shooter
Fast Lane.mra	fastlane	LABIRINTO		CURATED_V1	
Faster, Harder, More Challenging Q`Bert (prototype).mra	sqbert	PLATAFORMA		MRA_CATEGORY	Platform - Climb
Fever SOS (World, 98-09-25 VER).mra	feversos	SHOOT EM UP		MRA_CATEGORY	Shooter
Fighting Golf.mra	fitegolf	ESPORTES	GOLFE	MRA_CATEGORY	Sport Golf
Fighting Ice Hockey (DECO).mra	cfghtice	ESPORTES		MRA_CATEGORY	Sports
Final Blow (World).mra	finalb	ESPORTES	BOXE	CURATED_V2	
Final Fight (World, set 1).mra	ffight	BEAT EM UP		HEURISTIC	
Final Fight Revenge - Final Revenge (JUET 990930 V1.100).mra	ffreveng	LUTA	VERSUS	HEURISTIC	
Finalizer - Super Transformation (Set 1).mra	finalizr	SHOOT EM UP	VERTICAL	MRA_CATEGORY	Shooter - Vertical
Find Love (J 971212 V1.000).mra	findlove	QUIZ		CURATED_V1	
Flash Boy (DECO).mra	cfboy0a1	ACAO		MRA_CATEGORY	Action
Flash Point (set 2, Japan) (FD1094 317-0127A).mra	fpoint	PUZZLE		HEURISTIC	
Flashgal.mra	flashgal	SHOOT EM UP		MRA_CATEGORY	Shooter
Flicky (128k Version, 315-5051).mra	flicky	PLATAFORMA		MRA_CATEGORY	Platform
Flying Ball (DECO).mra	cflyball	ACAO		MRA_CATEGORY	Action
Food Fight (Rev 3).mra	foodf	SHOOT EM UP	MULTIDIRECIONAL	MRA_CATEGORY	Shooter - Multidirectional
Football Champ - Euro Football Champ (World).mra	footchmp	ESPORTES	FUTEBOL	HEURISTIC	
Forgotten Worlds (World, newer).mra	forgottn	SHOOT EM UP	HORIZONTAL	HEURISTIC	
Freeze.mra	freeze	PLATAFORMA		MRA_CATEGORY	Platform
Frenzy (Rev RA1).mra	frenzy	SHOOT EM UP	MULTIDIRECIONAL	MRA_CATEGORY	Shooter - Multidirectional
Frogger (Konami Bugfixed).mra	frogger	PLATAFORMA		MRA_CATEGORY	Platform - Climb
Front Line.mra	frontlin	ACAO		MRA_CATEGORY	Action
Funky Fish.mra	fnkyfish	PLATAFORMA		MRA_CATEGORY	Platform
Funky Head Boxers (JUETBKAL 951218 V1.000).mra	fhboxers	ESPORTES	BOXE	HEURISTIC	
Future Spy (315-5061).mra	futspy	SHOOT EM UP	ISOMETRICO	MRA_CATEGORY	Shooter - Isometric
G.I. Joe (World, EAB).mra	gijoe	RUN AND GUN		MRA_CATEGORY	Run & Gun
Gaia Crusaders.mra	gaia	LUTA	VERSUS	MRA_CATEGORY	Fighting
Galactic Warriors.mra	gwarrior	LUTA	VERSUS	MRA_CATEGORY	Fighting
Galaga '88.mra	galaga88	SHOOT EM UP	FIXO	CURATED_V2	
Galaga (Midway, Set 1).mra	galagamw	TIRO	LIGHT GUN	MRA_CATEGORY	Shooter - Gallery
Galaga 3 - Gaplus (GP2 Rev B).mra	gaplus	SHOOT EM UP	VERTICAL	MRA_CATEGORY	Shooter - Vertical
Galaxian (Namco, Set 1).mra	galaxian	TIRO	LIGHT GUN	MRA_CATEGORY	Shooter - Gallery
Galaxy Wars (Universal, Set 1).mra	galxwars	TIRO	LIGHT GUN	MRA_CATEGORY	Shooter - Gallery
Gallop - Armed Police Unit (Japan, M72 hardware).mra	gallopm72	SHOOT EM UP		MRA_CATEGORY	Shooter
Gallop Racer.mra	glpracr	ESPORTES		MRA_CATEGORY	Sports
Galmedes (Japan).mra	galmedes	SHOOT EM UP	VERTICAL	CURATED_V1	Action
Galmedes (Japan, bazset).mra	galmedes	SHOOT EM UP	VERTICAL	CURATED_V1	
Gals Panic (unprotected, ver. 2.0).mra	galpanic	PUZZLE		CURATED_V1	
Gang Busters (set 1).mra	gbusters	RUN AND GUN		CURATED_V1	
Gang Wars.mra	gangwars	BEAT EM UP		HEURISTIC	
Gauntlet (rev 14).mra	gauntlet	SHOOT EM UP	MULTIDIRECIONAL	MRA_CATEGORY	Shooter - Multidirectional
Gauntlet II.mra	gaunt2	SHOOT EM UP	MULTIDIRECIONAL	MRA_CATEGORY	Shooter - Multidirectional
Gemini Wing.mra	gemini	SHOOT EM UP	VERTICAL	MRA_CATEGORY	Shooter - Vertical
Genpei ToumaDen.mra	genpeitd	PLATAFORMA		HEURISTIC	
Ghosts'n Goblins (World set 1).mra	gng	PLATAFORMA		HEURISTIC	
Ghouls'n Ghosts (World).mra	ghouls	PLATAFORMA		HEURISTIC	
Giga Wing (USA 990222).mra	gigawing	SHOOT EM UP	VERTICAL	HEURISTIC	
Gigandes.mra	gigandes	SHOOT EM UP	HORIZONTAL	CURATED_V1	
Godzilla (Japan).mra	godzilla	LUTA	VERSUS	MRA_CATEGORY	Fighter
Gogetsuji Legends (US, Ver. 95.06.20).mra	plegends	LUTA	VERSUS	MRA_CATEGORY	Fighting
Golden Axe (set 6, US) (8751 317-123A).mra	goldnaxe	BEAT EM UP		HEURISTIC	
Golden Axe - The Duel (JUETL 950117 V1.000).mra	gaxeduel	LUTA	VERSUS	CURATED_V2	
Golden Axe The Revenge of Death Adder (Japan).mra	ga2j	BEAT EM UP		HEURISTIC	
Golden Axe The Revenge of Death Adder (US, Rev A).mra	ga2u	BEAT EM UP		HEURISTIC	
Golden Axe The Revenge of Death Adder (World, Rev B).mra	ga2	BEAT EM UP		HEURISTIC	
Golfing Greats (World, version L).mra	glfgreat	ESPORTES	GOLFE	HEURISTIC	
Gorf.mra	gorf	TIRO	LIGHT GUN	MRA_CATEGORY	Shooter - Gallery
Gorodki.mra	gorodki	ACAO		MRA_CATEGORY	Action
GP Rider (World).mra	gpriders	SHOOT EM UP	AEREO	MRA_CATEGORY	Shooter / Flight
Gradius III (World, version R).mra	gradius3	SHOOT EM UP	HORIZONTAL	HEURISTIC	
Gradius.mra	gradius	SHOOT EM UP		MRA_CATEGORY	Shmup
Grasspin.mra	grasspin	LABIRINTO		MRA_CATEGORY	Maze
Gravitar (Ver 3).mra	gravitar	ACAO		MRA_CATEGORY	Lander
Gridiron Fight (World).mra	gridiron	ESPORTES	FUTEBOL	CURATED_V1	
Grobda (W, New Ver.).mra	grobda	SHOOT EM UP	MULTIDIRECIONAL	MRA_CATEGORY	Shooter - Multidirectional
Groove on Fight - Gouketsuji Ichizoku 3 (J 970416 V1.001).mra	groovef	LUTA	VERSUS	HEURISTIC	
Growl (World, Rev 1).mra	growl	BEAT EM UP		HEURISTIC	
Guardian Force (JUET 980318 V0.105).mra	grdforce	SHOOT EM UP	VERTICAL	CURATED_V2	
Guardians (Denjin Makai II).mra	grdians	BEAT EM UP		HEURISTIC	
Gulf War II (set 1).mra	gulfwar2	SHOOT EM UP		MRA_CATEGORY	Shoot'em up
Gulun.Pa! (Japan 931220 L) (prototype).mra	gulunpa	PUZZLE		HEURISTIC	
Gun & Frontier (World).mra	gunfront	SHOOT EM UP	VERTICAL	CURATED_V1	
Gun Fight.mra	gunfight	ACAO		MRA_CATEGORY	Arena
Gun Force II (US).mra	gunforc2	SHOOT EM UP		MRA_CATEGORY	Shooter
Gun.Smoke (World, 1985-11-15).mra	gunsmoke	SHOOT EM UP	VERTICAL	CURATED_V1	
Gunbarich.mra	gnbarich	BREAKOUT - PADDLE		CURATED_V1	
Gunbird (World).mra	gunbird	SHOOT EM UP		MRA_CATEGORY	Shoot 'Em Up
Gunbird 2 (set 1).mra	gunbird2	SHOOT EM UP	VERTICAL	HEURISTIC	
Gunforce - Battle Fire Engulfed Terror Island (World).mra	gunforce	SHOOT EM UP		MRA_CATEGORY	Shooter
Guwange (Japan, 1999 6-24 Master Ver 16-55).mra	guwange	SHOOT EM UP		MRA_CATEGORY	Shooter
Gyakuten!! Puzzle Bancho (Japan, set 1).mra	pbancho	PUZZLE		MRA_CATEGORY	Puzzle
Gyrodine.mra	gyrodine	SHOOT EM UP		MRA_CATEGORY	Shooter
Gyruss.mra	gyruss	SHOOT EM UP	TUBO	MRA_CATEGORY	Shooter - Tube
Hachoo.mra	hachoo	BEAT EM UP		HEURISTIC	
Hammer Away (Japan, prototype).mra	hamaway	SHOOT EM UP		CURATED_V1	
Hammerin' Harry (US, M84 hardware).mra	hharryu	PLATAFORMA		MRA_CATEGORY	Platformer
Hanabi de Doon! - Don-chan Puzzle.mra	doncdoon	PUZZLE		MRA_CATEGORY	Puzzle
Hanagumi Taisen Columns - Sakura Wars (J 971007 V1.010).mra	hanagumi	PUZZLE		HEURISTIC	
Hang On Jr.mra	hangonjr	CORRIDA		MRA_CATEGORY	Driving
Hang-On (Rev A).mra	hangon	CORRIDA		HEURISTIC	
Hang-On.mra	hangon	CORRIDA		MRA_CATEGORY	Racing / Driving
Hard Hat.mra	hardhat	LABIRINTO		MRA_CATEGORY	Maze
Haunted Castle (version M).mra	hcastle	PLATAFORMA		CURATED_V1	
Heated Barrel (World version 3).mra	heatbrl	SHOOT EM UP		MRA_CATEGORY	Shoot-em-up
Heavy Barrel (World).mra	hbarrel	RUN AND GUN		CURATED_V1	
Hellfire (2P Set).mra	hellfire	SHOOT EM UP	HORIZONTAL	CURATED_V1	
Hi Pai Paradise 2.mra	hipai2	MESA - CARTAS	MAHJONG	MRA_CATEGORY	Mahjong
Hi Pai Paradise.mra	hipai	MESA - CARTAS	MAHJONG	MRA_CATEGORY	Mahjong
High Impact Football (rev LA5 02-15-91).mra	hiimpact	ESPORTES	FUTEBOL AMERICANO	CURATED_V2	
High Way Race.mra	hwrace	CORRIDA		MRA_CATEGORY	Racing
Highway Chase (DECO).mra	chwy	CORRIDA		MRA_CATEGORY	Driving
Hippodrome (US).mra	hippodrm	LUTA	VERSUS	CURATED_V1	
Hishou Zame (Japan).mra	hishouza	SHOOT EM UP		MRA_CATEGORY	Shoot &apos;Em Up
Hook (World).mra	hook	BEAT EM UP		MRA_CATEGORY	Brawler
Hopping Mappy.mra	hopmappy	LABIRINTO		CURATED_V1	
Horizon (Irem).mra	horizon	SHOOT EM UP	HORIZONTAL	MRA_CATEGORY	Shooter - Horizontal
Hotdog Storm (Korea).mra	hotdogst	SHOOT EM UP		MRA_CATEGORY	Shooter
Hustle.mra	hustle	LABIRINTO		CURATED_V1	
Hydra.mra	hydra	CORRIDA		CURATED_V3	Vehicular combat / Racing
Hyper Duel.mra	hyprduel	SHOOT EM UP	HORIZONTAL	CURATED_V1	
Hyper Dyne Side Arms (World, 861129).mra	sidearms	SHOOT EM UP	HORIZONTAL	CURATED_V1	
Hyper Sports.mra	hyperspt	ESPORTES		CURATED_V1	
Hyper Street Fighter II The Anniversary Edition (USA 040202).mra	hsf2	LUTA	VERSUS	HEURISTIC	
I'm Sorry (US, 315-5110).mra	imsorry	LABIRINTO		MRA_CATEGORY	Maze
Ibara (Japan, 2005.03.22 MASTER VER.., '06. 3. 7 ver.).mra	ibara	SHOOT EM UP		MRA_CATEGORY	Shooter
Ibara Kuro Black Label (Japan, 2006-02-06. MASTER VER.).mra	ibarablk	SHOOT EM UP		MRA_CATEGORY	Shooter
Iga Ninjyutsuden (Japan).mra	iganinju	PLATAFORMA		CURATED_V1	
Ikari III - The Rescue (World Version 1, 8-Way Joystick).mra	ikari3	RUN AND GUN		CURATED_V1	
Ikari Warriors.mra	ikari	ACAO		MRA_CATEGORY	Action
Image Fight (World).mra	imgfight	SHOOT EM UP		MRA_CATEGORY	Shooter
In The Hunt (World).mra	inthunt	SHOOT EM UP		MRA_CATEGORY	Shooter
In Your Face (US, Prototype).mra	inyourfa	ESPORTES	BASQUETE	CURATED_V1	
Indiana Jones (set 4).mra	indytemp4	ACAO		CURATED_V1	Arcade
Inferno (Williams).mra	inferno	LABIRINTO		MRA_CATEGORY	Maze
Insector X (World).mra	insectx	SHOOT EM UP	HORIZONTAL	CURATED_V1	
Invasion - The Abductors (version 5.0) [Patreon].mra	invasnab	TIRO	LIGHT GUN	HEURISTIC	
Iron Horse (Ver. K).mra	ironhors	PLATAFORMA		MRA_CATEGORY	Platformer
Ironman Ivan Stewart's Super Off-Road (rev 4).mra	offroad	CORRIDA		MRA_CATEGORY	Driving
Ironman Ivan Stewart's Super Off-Road Track-Pak (rev 4).mra	offroadt	CORRIDA		MRA_CATEGORY	Driving
Jack the Giantkiller (set 1).mra	jack	PLATAFORMA		MRA_CATEGORY	Platform
Jackal (W).mra	jackal	SHOOT EM UP	MULTIDIRECIONAL	MRA_CATEGORY	Shooter - Multidirectional
Jailbreak.mra	jailbrek	LUTA	VERSUS	MRA_CATEGORY	Army / Fighter
Janpai Puzzle Choukou (Japan 010820).mra	choko	MESA - CARTAS		HEURISTIC	
Jin.mra	jin	PUZZLE		MRA_CATEGORY	Puzzle
Jitsuryoku!! Pro Yakyuu (Japan).mra	jitsupro	ESPORTES	BASEBALL	HEURISTIC	
JoJo no Kimyou na Bouken Mirai e no Isan (Japan 991015, NO CD).mra	jojoban	LUTA	VERSUS	HEURISTIC	
JoJo's Venture (Asia 990128, NO CD).mra	jojon	LUTA	VERSUS	HEURISTIC	
Journey.mra	journey	ACAO		MRA_CATEGORY	Arena
Joust 2 - Survival of the Fittest (revision 2).mra	joust2	PLATAFORMA		MRA_CATEGORY	Platform
Joust.mra	joust	ACAO		MRA_CATEGORY	Arena
Jr. Pac-Man.mra	jrpacman	LABIRINTO		MRA_CATEGORY	Maze
Jump Shot.mra	jumpshot	ESPORTES		MRA_CATEGORY	Sports
Jungle King (Japan).mra	junglek	PLATAFORMA		MRA_CATEGORY	Platform
Juno First.mra	junofrst	SHOOT EM UP		MRA_CATEGORY	Shooter
Jyangokushi Haoh no Saihai (Japan 990527).mra	jyangoku	MESA - CARTAS		HEURISTIC	
Kageki (World).mra	kageki	LUTA	VERSUS	CURATED_V1	
Kangaroo.mra	kangaroo	PLATAFORMA		MRA_CATEGORY	Platform
Karaoke Quiz Intro Don Don! (J 960213 V1.000).mra	introdon	QUIZ		HEURISTIC	
Karate Champ (US).mra	kchamp	LUTA	VERSUS	CURATED_V1	
Karate Champ Player Vs Player (US, set 1).mra	kchampvs	LUTA	VERSUS	CURATED_V1	
Karnov (US, rev 6).mra	karnov	PLATAFORMA		CURATED_V1	
Ketsui - Kizuna Jigoku Tachi (2003.01.01. Master Ver.).mra	ket	SHOOT EM UP	VERTICAL	CURATED_V1	
Kick And Run.mra	kicknrun	ESPORTES	FUTEBOL	MRA_CATEGORY	Soccer
Kick.mra	kick	BREAKOUT - PADDLE		MRA_CATEGORY	Ball and Paddle
Kicker.mra	kicker	BEAT EM UP		CURATED_V1	
Kid Niki - Radical Ninja (W).mra	kidniki	PLATAFORMA		MRA_CATEGORY	Platform
Kid no Hore Hore Daisakusen.mra	horekid	PLATAFORMA		MRA_CATEGORY	Platformer
KiKi KaiKai (Japan).mra	kikikai	SHOOT EM UP		MRA_CATEGORY	Shoot &apos;Em Up
Killer Instinct (proto v4.7).mra	kinst	LUTA	VERSUS	MRA_CATEGORY	Fighter
Killer Instinct (v1.3).mra	kinst	LUTA	VERSUS	MRA_CATEGORY	Fighter
Killer Instinct (v1.4).mra	kinst	LUTA	VERSUS	MRA_CATEGORY	Fighter
Killer Instinct (v1.5d).mra	kinst	LUTA	VERSUS	MRA_CATEGORY	Fighter
Killer Instinct 2 (v1.0).mra	kinst2	LUTA	VERSUS	MRA_CATEGORY	Fighter
Killer Instinct 2 (v1.1).mra	kinst2	LUTA	VERSUS	MRA_CATEGORY	Fighter
Killer Instinct 2 (v1.3).mra	kinst2	LUTA	VERSUS	MRA_CATEGORY	Fighter
Killer Instinct 2 (v1.4).mra	kinst2	LUTA	VERSUS	MRA_CATEGORY	Fighter
King and Balloon (US).mra	kingball	TIRO	LIGHT GUN	MRA_CATEGORY	Shooter - Gallery
Klax.mra	klax	PUZZLE		CURATED_V1	
Knights of the Round (World 911127).mra	knights	BEAT EM UP		HEURISTIC	
Knights of Valour 2 (ver. 107).mra	kov2	BEAT EM UP		HEURISTIC	
Knights of Valour Super Heroes (ver. 104, CN).mra	kovsh	BEAT EM UP		HEURISTIC	
Kokontouzai Eto Monogatari (Japan).mra	eto	PUZZLE		MRA_CATEGORY	Puzzle
Konami's Ping-Pong.mra	pingpong	ESPORTES		CURATED_V1	
Konek Gorbunok.mra	konek	PLATAFORMA		MRA_CATEGORY	Platform
Kot-Rybolov.mra	kot	ACAO		MRA_CATEGORY	Action
Kozmik Krooz'r.mra	kroozr	SHOOT EM UP	MULTIDIRECIONAL	MRA_CATEGORY	Shooter - Multidirectional
Kozure Ookami (Japan).mra	kozure	BEAT EM UP		MRA_CATEGORY	Beat 'em up
Kram.mra	kram	LABIRINTO		MRA_CATEGORY	Maze
Kung-Fu Master (W).mra	kungfum	BEAT EM UP		MRA_CATEGORY	Beat 'em Up
Kurukuru Fever.mra	kurufev	PUZZLE		MRA_CATEGORY	Puzzle
Kyukyoku Tiger (Japan, 2P Co-Op).mra	ktiger	SHOOT EM UP		MRA_CATEGORY	Shoot &apos;Em Up
Lady Bug.mra	ladybug	LABIRINTO		MRA_CATEGORY	Maze
Laguna Racer.mra	lagunar	CORRIDA		MRA_CATEGORY	Racing
Laser Ghost (World) (FD1094 317-0166).mra	lghost	TIRO	LIGHT GUN	HEURISTIC	
Last Striker - Kyuukyoku no Striker.mra	kyustrkr	ESPORTES	FUTEBOL	CURATED_V1	
Last Survivor.mra	lastsurv	SHOOT EM UP	AEREO	MRA_CATEGORY	Shooter / Flight
Led Storm (US).mra	ledstorm	ACAO		CURATED_V1	
Legend of Hero Tonma (Japan).mra	lohtj	PLATAFORMA		CURATED_V1	
Legend.mra	legend	SHOOT EM UP		MRA_CATEGORY	Shooter
Legendary Wings (US, rev. C).mra	lwings	SHOOT EM UP	VERTICAL	CURATED_V1	
Legionnaire (World).mra	legionna	BEAT EM UP		MRA_CATEGORY	Beat-em-up
Lethal Thunder (World).mra	lethalth	SHOOT EM UP		MRA_CATEGORY	Shooter
Lightning Fighters (World).mra	lgtnfght	SHOOT EM UP	HORIZONTAL	HEURISTIC	
Line of Fire (World).mra	loffire	SHOOT EM UP	AEREO	MRA_CATEGORY	Shooter / Flight
Liquid Kids (World).mra	liquidk	PLATAFORMA		HEURISTIC	
Lizard Wizard.mra	lizwiz	ACAO		MRA_CATEGORY	Arena
Lock'n'Chase (DECO).mra	clocknch	LABIRINTO		MRA_CATEGORY	Maze
Lode Runner (Set 1).mra	ldrun	PLATAFORMA		MRA_CATEGORY	Platform - Climb
Lode Runner - The Dig Fight (ver. B).mra	loderndf	PLATAFORMA		CURATED_V1	
Lode Runner II - The Bungeling Strikes Back.mra	ldrun2	PLATAFORMA		MRA_CATEGORY	Platform - Climb
Lode Runner III - The Golden Labyrinth.mra	ldrun3	PLATAFORMA		MRA_CATEGORY	Platform - Climb
Lode Runner IV - Teikoku Karano Dasshutsu (JP).mra	ldrun4	PLATAFORMA		MRA_CATEGORY	Platform - Climb
Lost Tomb.mra	losttomb	LABIRINTO		MRA_CATEGORY	Maze
Lucky Poker (DECO).mra	cluckypo	MESA - CARTAS	CASINO	MRA_CATEGORY	Casino
Lucky Today.mra	luctoday	MESA - CARTAS	CASINO	MRA_CATEGORY	Gambling
Lunar Lander.mra	llander	ACAO		MRA_CATEGORY	Lander
Lunar Rescue.mra	lrescue	ACAO		MRA_CATEGORY	Lander
Lupin III (Set 2).mra	lupin3a	LABIRINTO		MRA_CATEGORY	Maze
M.I.A. - Missing in Action (version T).mra	mia	RUN AND GUN		CURATED_V1	
Mad Gear (Japan).mra	madgearj	CORRIDA		CURATED_V1	
Mad Planets.mra	mplanets	PLATAFORMA		MRA_CATEGORY	Platform
Magic Sword Heroic Fantasy (World 900725).mra	msword	PLATAFORMA		HEURISTIC	
Magical Error wo Sagase.mra	magerror	PUZZLE		CURATED_V1	
Magical Pumpkin Puroland de Daibouken (Japan 960712).mra	mpumpkin	PLATAFORMA		CURATED_V1	
Magical Spot.mra	magspot	SHOOT EM UP	FIXO	CURATED_V1	Garden
Magical Tetris Challenge (981009 Japan).mra	mtetrisc	PUZZLE		MRA_CATEGORY	Puzzle
Mahjong G-Taste.mra	mjgtaste	MESA - CARTAS	MAHJONG	HEURISTIC	
Mahjong Hot Gimmick Integral (Japan).mra	hotgmcki	MESA - CARTAS	MAHJONG	HEURISTIC	
Mahou Daisakusen (Japan).mra	mahoudai	SHOOT EM UP		MRA_CATEGORY	Shoot'em up
Major Havoc.mra	mhavoc	PLATAFORMA		MRA_CATEGORY	Maze / Platform
Major League (World, S16A) [No Protection].mra	mjleague	ESPORTES	BASEBALL	HEURISTIC	
Major Title 2 (World, set 1).mra	majtitl2	ESPORTES		MRA_CATEGORY	Sports
Manhattan (Japan) (DECO).mra	cmanhat	ACAO		MRA_CATEGORY	Action
Mania Challenge (Set 1).mra	maniach	ESPORTES		MRA_CATEGORY	Sports
Mappy (US).mra	mappy	PLATAFORMA		MRA_CATEGORY	Platform - Climb
Marble Madness (set 5 - LSI).mra	marble5	ACAO		CURATED_V1	Arcade
Marble Madness II (prototype).mra	marblmd2	ACAO		CURATED_V1	
Marchen Maze (Japan).mra	mmaze	PLATAFORMA		CURATED_V1	
Mario Bros. (US, Rev G).mra	mario	PLATAFORMA		MRA_CATEGORY	Platform - Climb
Mars Matrix Hyper Solid Shooting (USA 000412).mra	mmatrix	SHOOT EM UP	VERTICAL	HEURISTIC	
Mars.mra	mars	SHOOT EM UP	HORIZONTAL	MRA_CATEGORY	Shooter - Horizontal
Martial Masters (ver. 104, 102, 102US).mra	martmast	LUTA	VERSUS	HEURISTIC	
Maru-Chan de Goo! (J 971216 V1.000).mra	maruchan	MULTIJOGOS - MINIGAMES		CURATED_V1	
Marvel Super Heroes (Europe 951024).mra	msh	LUTA	VERSUS	CURATED_V1	
Marvel Super Heroes Vs. Street Fighter (Europe 970625).mra	mshvsf	LUTA	VERSUS	HEURISTIC	
Marvel Vs. Capcom Clash of Super Heroes (Europe 980123).mra	mvsc	LUTA	VERSUS	HEURISTIC	
Mat Mania.mra	matmania	ESPORTES		MRA_CATEGORY	Sports
Mausuke no Ojama the World (J 960314 V1.000).mra	mausuke	PUZZLE		HEURISTIC	
Max RPM (v2).mra	maxrpm	CORRIDA		MRA_CATEGORY	Racing
Mayday (Set 1).mra	mayday	SHOOT EM UP	HORIZONTAL	MRA_CATEGORY	Shooter - Horizontal
Mayjinsen 3.mra	mayjin3	MESA - CARTAS	MAHJONG	MRA_CATEGORY	Mahjong
Maze of Flott (Japan).mra	mofflott	LABIRINTO		CURATED_V1	Action
Maze of Flott (Japan, bazset).mra	mofflott	LABIRINTO		CURATED_V1	
Mazinger Z (Japan).mra	mazingerj	SHOOT EM UP	VERTICAL	HEURISTIC	
Mazinger Z (World).mra	mazinger	SHOOT EM UP	VERTICAL	MRA_CATEGORY	Vertical Shooter
Mega Blast (World).mra	megablst	SHOOT EM UP	HORIZONTAL	CURATED_V2	
Mega Man 2 The Power Fighters (USA 960708).mra	megaman2	LUTA	VERSUS	CURATED_V1	
Mega Man The Power Battle (CPS1, USA 951006).mra	megaman	LUTA	VERSUS	CURATED_V1	
Mega Twins (World 900619).mra	mtwins	PLATAFORMA		HEURISTIC	
Megumi Rescue (Japan).mra	megrescu	BREAKOUT - PADDLE		MRA_CATEGORY	Ball and Paddle
Meikyuu Hunter G (Japan).mra	meikyuh	SHOOT EM UP		MRA_CATEGORY	Shooter
Mercs (World 900302).mra	mercs	RUN AND GUN		HEURISTIC	
Metal Black (World).mra	metalb	SHOOT EM UP	HORIZONTAL	HEURISTIC	
Metamoqester (World).mra	metmqstr	LUTA	VERSUS	MRA_CATEGORY	Fighting
Metro-Cross (set 1).mra	metrocrs	PLATAFORMA		HEURISTIC	
Michael Jackson's Moonwalker (World) (FD1094-8751 317-0159).mra	mwalk	BEAT EM UP		CURATED_V1	
Midnight Resistance (World, set 1).mra	midres	RUN AND GUN		HEURISTIC	
Mighty Monkey (Scramble Hardware) [bl].mra	mimonscr	SHOOT EM UP	MULTIDIRECIONAL	MRA_CATEGORY	Shooter - Multidirectional
Mighty! Pang (Europe 001010).mra	mpang	TIRO	GALERIA	CURATED_V1	
Mikie.mra	mikie	PLATAFORMA		CURATED_V1	
Minefield.mra	minefld	TIRO	LIGHT GUN	MRA_CATEGORY	Shooter - Gallery
Missile Command (rev 3).mra	missile	SHOOT EM UP	FIXO	CURATED_V1	
Mission-X (DECO).mra	cmissnx	SHOOT EM UP		MRA_CATEGORY	Shooter
Mister Viking (315-5041).mra	mrviking	SHOOT EM UP	VERTICAL	MRA_CATEGORY	Shooter - Vertical
MK1Wolf_UMK3core_20260719.mra	mk1wolf_umk3	LUTA	VERSUS	HEURISTIC	
MK2Wolf_UMK3core_20260719.mra	mk2wolf_umk3	LUTA	VERSUS	HEURISTIC	
Moon Cresta (Galaxian Hardware) [bl].mra	mooncrgx	TIRO	LIGHT GUN	MRA_CATEGORY	Shooter - Gallery
Moon Patrol.mra	mpatrol	SHOOT EM UP	HORIZONTAL	MRA_CATEGORY	Shooter - Horizontal
Moon Quasar.mra	moonqsr	TIRO	LIGHT GUN	MRA_CATEGORY	Shooter - Gallery
Moon War.mra	moonwar	SHOOT EM UP	MULTIDIRECIONAL	MRA_CATEGORY	Shooter - Multidirectional
Mortal Kombat (rev 4.0 09-28-92, Y-Unit).mra	mk	LUTA	VERSUS	HEURISTIC	
Mortal Kombat 3 (rev 2.1).mra	mk3	LUTA	VERSUS	HEURISTIC	
Mortal Kombat 4 (version 3.0) [blahm1d].mra	mk4	LUTA	VERSUS	HEURISTIC	
Mortal Kombat 4 (version 3.0) [Patreon].mra	mk4	LUTA	VERSUS	HEURISTIC	
Motos.mra	motos	ACAO		MRA_CATEGORY	Arena
Mouse Trap.mra	mtrap	LABIRINTO		MRA_CATEGORY	Maze
Mr. Do Nightmare.mra	mrdonight	LABIRINTO		MRA_CATEGORY	Maze
Mr. Do!.mra	mrdo	LABIRINTO		MRA_CATEGORY	Maze
Mr. Goemon.mra	mrgoemon	BEAT EM UP		MRA_CATEGORY	Platform / Fighter Scrolling
Mr. HELI no Daibouken (Japan).mra	mrheli	SHOOT EM UP		MRA_CATEGORY	Shooter
Mr. Jong.mra	mrjong	PUZZLE		MRA_CATEGORY	Puzzle
Mr. TNT.mra	mrtnt	LABIRINTO		MRA_CATEGORY	Maze
Ms. Pac-Man.mra	mspacman	LABIRINTO		MRA_CATEGORY	Maze
Muchi Muchi Pork! (Japan, 2007-4-17 MASTER VER.).mra	mmpork	SHOOT EM UP		MRA_CATEGORY	Shooter
Muscle Bomber Duo Ultimate Team Battle (World 931206).mra	mbombrd	ESPORTES	LUTA LIVRE	CURATED_V1	
Mushihime-Sama (Japan, 2004-10-12 MASTER VER) .mra	mushisamb	SHOOT EM UP		MRA_CATEGORY	Shooter
Mushihime-Sama (Japan, 2004-10-12.MASTER VER.) .mra	mushisam	SHOOT EM UP		MRA_CATEGORY	Shooter
Mushihime-Sama Futari Black Label (2007-12-11 BLACK LABEL VER).mra	futariblj	SHOOT EM UP		MRA_CATEGORY	Shooter
Mushihime-Sama Futari Black Label - Another Ver (2009-11-27 INTERNATIONAL BL).mra	futaribl	SHOOT EM UP		MRA_CATEGORY	Shooter
Mushihime-Sama Futari Ver 1.0 (2006-10-23 MASTER VER.).mra	futari10	SHOOT EM UP		MRA_CATEGORY	Shooter
Mushihime-Sama Futari Ver 1.5 (2006-12-08.MASTER VER. 1.54.).mra	futari15	SHOOT EM UP		MRA_CATEGORY	Shooter
Mushihime-Sama Matsuri Ver 1.5 (2011.5.23 CAVEMATSURI VER1.5).mra	matsuri15	SHOOT EM UP		MRA_CATEGORY	Shooter
Mutant Fighter (World, Ver. EM-5).mra	mutantf	LUTA	VERSUS	MRA_CATEGORY	Fighting
Mutant Night.mra	mnight	PLATAFORMA		MRA_CATEGORY	Platform
MVP (set 2, US) (FD1094 317-0143).mra	mvp	ESPORTES	BASEBALL	CURATED_V1	
MX5000.mra	mx5000	SHOOT EM UP	VERTICAL	CURATED_V1	
My Hero (US, not Encrypted).mra	myhero	PLATAFORMA		MRA_CATEGORY	Platform
Mystic Marathon.mra	mysticm	ESPORTES		MRA_CATEGORY	Sports
Mystic Riders (World).mra	mysticri	SHOOT EM UP		MRA_CATEGORY	Shooter
Mystic Warriors (FF ver EAA).mra	mystwarr	RUN AND GUN		CURATED_V2	
N.Y. Captor (rev 2).mra	nycaptor	TIRO	LIGHT GUN	HEURISTIC	
Naughty Boy (Jaleco).mra	naughtyb	TIRO	LIGHT GUN	MRA_CATEGORY	Shooter - Gallery
NBA Hangtime (L1.3).mra	nbahangt	ESPORTES	BASQUETE	HEURISTIC	
NBA Hangtime_20260719.mra	nbahangt	ESPORTES	BASQUETE	HEURISTIC	
NBA Maximum Hangtime (L1.03 06-09-97).mra	nbamht	ESPORTES	BASQUETE	HEURISTIC	
Nebula (DECO).mra	cnebula	SHOOT EM UP		MRA_CATEGORY	Shooter
Nemesis (ROM Version).mra	nemesis	SHOOT EM UP		MRA_CATEGORY	Shooter
Nemo (World 901130).mra	nemo	PLATAFORMA		HEURISTIC	
NeoGeo Pocket.mra	ngp	OUTROS	SISTEMA	CURATED_V1	
New Rally-X.mra	nrallyx	CORRIDA		MRA_CATEGORY	Racing
NHL Open Ice - 2 on 2 Challenge (rev 1.21).mra	openice	ESPORTES	HOQUEI	HEURISTIC	
Nibbler (Set 9).mra	nibbler	LABIRINTO		MRA_CATEGORY	Maze
Night Slashers (Korea Rev 1.3, DE-0397-0 PCB).mra	nslasher	ACAO		MRA_CATEGORY	Action
Night Star (DECO).mra	cnightst	SHOOT EM UP		MRA_CATEGORY	Shooter
Night Striker (World).mra	nightstr	SHOOT EM UP	AEREO	CURATED_V3	Rail shooter
Night Warriors Darkstalkers' Revenge (Europe 950316).mra	nwarr	LUTA	VERSUS	HEURISTIC	
Ninja Baseball Bat Man (World).mra	nbbatman	LUTA	VERSUS	MRA_CATEGORY	Fighter
Ninja Spirit (Japan).mra	nspiritj	RUN AND GUN		CURATED_V1	
Ninja-Kid II.mra	ninjakd2	PLATAFORMA		MRA_CATEGORY	Platform
Ninjakun.mra	ninjakun	PLATAFORMA		MRA_CATEGORY	Platform - Climb
Nintendo Super System.mra	nss	MULTIJOGOS - MINIGAMES		CURATED_V1	
Nitro Ball (World, Set 1).mra	nitrobal	RUN AND GUN		MRA_CATEGORY	Run & Gun
No Mans Land.mra	nomnlnd	SHOOT EM UP	MULTIDIRECIONAL	CURATED_V1	War
Nova 2001.mra	nova2001	PLATAFORMA		MRA_CATEGORY	Platform - Climb
Number Crash.mra	numcrash	PLATAFORMA		MRA_CATEGORY	Platform
Ocean to Ocean (DECO).mra	cocean6b	ACAO		MRA_CATEGORY	Action
Off Road Challenge (rev 1.63) [Patreon].mra	offroadc	CORRIDA		HEURISTIC	
Omega Fighter.mra	omegaf	SHOOT EM UP		MRA_CATEGORY	Shooter
Onna Sanshirou - Typhoon Gal (rev 1).mra	onna34ro	LUTA	VERSUS	CURATED_V1	
Oozumou - Grand Sumo (DECO).mra	coozumou	ESPORTES		MRA_CATEGORY	Sports
Opa Opa.mra	opaopa	LABIRINTO		MRA_CATEGORY	Maze
Operation Wolf (World, rev 2, set 1).mra	opwolf	TIRO	LIGHT GUN	HEURISTIC	
Orbitron.mra	orbitron	TIRO	LIGHT GUN	MRA_CATEGORY	Shooter - Gallery
Ordyne (Japan, English Version).mra	ordyneje	SHOOT EM UP		MRA_CATEGORY	Shoot 'em up
Oriental Legend (ver. 126).mra	orlegend	BEAT EM UP		HEURISTIC	
Othello Shiyouyo (J 980423 V1.002).mra	othellos	MESA - CARTAS		HEURISTIC	
Out Run (sitdown-upright, Rev B).mra	outrun	CORRIDA		CURATED_V1	
Out Zone.mra	outzone	RUN AND GUN		HEURISTIC	
OutRunners.mra	orunners	CORRIDA		HEURISTIC	
P-47 - The Freedom Fighter (Japan).mra	p47j	SHOOT EM UP	HORIZONTAL	CURATED_V2	
P.O.W. - Prisoners of War (US Version 1).mra	pow	BEAT EM UP		HEURISTIC	
Pac & Pal.mra	pacnpal	LABIRINTO		MRA_CATEGORY	Maze
Pac-Land (World).mra	pacland	PLATAFORMA		HEURISTIC	
Pac-Man - Puck Man (JP, Set 1).mra	puckman	LABIRINTO		MRA_CATEGORY	Maze
Pac-Man Club- Club Lambada (AR).mra	clubpacm	LABIRINTO		MRA_CATEGORY	Maze
Pac-Man Plus.mra	pacplus	LABIRINTO		MRA_CATEGORY	Maze
Pac-Mania.mra	pacmania	LABIRINTO		CURATED_V1	
Pac-Manic Miner.mra		PLATAFORMA		MRA_CATEGORY	Platform - Climb
Paddle Mania.mra	paddlema	ESPORTES		CURATED_V1	
Pang (World).mra	pang	TIRO	GALERIA	CURATED_V1	
Pang! 3 (Europe 950601).mra	pang3	TIRO	GALERIA	CURATED_V1	
Paperboy (rev 3).mra	paperboy	ACAO		CURATED_V1	Arcade
Parodius Da! Shinwa kara Owarai e (World, set 1).mra	parodius	SHOOT EM UP	HORIZONTAL	HEURISTIC	
Passing Shot (World, 2 Players) (FD1094 317-0080).mra	passsht	ESPORTES	TENIS	CURATED_V2	
Pebble Beach - The Great Shot (JUE 950913 V0.990).mra	pblbeach	ESPORTES	GOLFE	CURATED_V1	
Pengo (Set 1, Rev C).mra	pengo	LABIRINTO		MRA_CATEGORY	Maze
Penguin-Kun Wars.mra	pkunwar	ESPORTES		MRA_CATEGORY	Maze / Penguin | Sports / Speed Ball
Pepper II.mra	pepper2	LABIRINTO		MRA_CATEGORY	Maze
Performan (Japan).mra	perfrman	PUZZLE		MRA_CATEGORY	Puzzle
Peter Pack Rat.mra	peterpak	PLATAFORMA		CURATED_V1	Arcade
Peter Pepper's Ice Cream Factory (DECO).mra	cppicf	PLATAFORMA		MRA_CATEGORY	Platformer
PGM (Polygame Master) System BIOS.mra	pgm	MULTIJOGOS - MINIGAMES		HEURISTIC	
Phoenix (Amstar, Set 1).mra	phoenix	TIRO	LIGHT GUN	MRA_CATEGORY	Shooter - Gallery
Photo Y2K (ver. 105).mra	photoy2k	PUZZLE		CURATED_V1	
Pickin'.mra	pickin	LABIRINTO		MRA_CATEGORY	Maze
Pig Out Dine Like a Swine! (rev 2).mra	pigout	PLATAFORMA		MRA_CATEGORY	Platform
Pinball Action.mra	pbaction	PINBALL		MRA_CATEGORY	Pinball
Pink Sweets Ibara Sorekara (Japan, 2006-04-06 MASTER VER....) .mra	pinkswts	SHOOT EM UP		MRA_CATEGORY	Shooter
Pioneer Balloon.mra	pballoon	SHOOT EM UP		MRA_CATEGORY	Shooter
Pipi & Bibis - Whoopee!! (Z80 sound cpu, set 1).mra	pipibibs	PLATAFORMA		MRA_CATEGORY	Platform
Pirate Ship Higemaru.mra	higemaru	LABIRINTO		CURATED_V1	
Pisces.mra	pisces	TIRO	LIGHT GUN	MRA_CATEGORY	Shooter - Gallery
Pistol Daimyo no Bouken (Japan).mra	pistoldm	SHOOT EM UP	HORIZONTAL	CURATED_V1	
Pit Fighter (rev 9).mra	pitfight	LUTA	VERSUS	CURATED_V3	Fighting
Pitfall II.mra	pitfall2	PLATAFORMA		MRA_CATEGORY	Platform
Planet Probe.mra	pprobe	SHOOT EM UP		MRA_CATEGORY	Shooter
Plasma Sword - Nightmare of Bilstein (USA).mra	plsmaswd	LUTA	VERSUS	MRA_CATEGORY	Fighting
Playball (Prototype).mra	playball	BREAKOUT - PADDLE		MRA_CATEGORY	Ball and Paddle
Pleiads (Tehkan).mra	pleiads	SHOOT EM UP		MRA_CATEGORY	Space / Shooter
Plus Alpha.mra	plusalph	SHOOT EM UP	VERTICAL	HEURISTIC	
Pnickies (Japan 940608).mra	pnickj	PUZZLE		HEURISTIC	
Pocket Gal (Japan).mra	pcktgal	ESPORTES	BILHAR	CURATED_V1	
Pokonyan! Balloon (Japan 940322).mra	pokonyan	PUZZLE		CURATED_V1	
Polaris.mra	polaris	SHOOT EM UP	FIXO	CURATED_V1	Army / Submarine
Pole Position II.mra	polepos2	CORRIDA		MRA_CATEGORY	Driving
Pole Position.mra	polepos	CORRIDA		MRA_CATEGORY	Driving
Poly Play 2.mra	polyplay2	MULTIJOGOS - MINIGAMES		MRA_CATEGORY	Mixed
Poly Play.mra	polyplay	MULTIJOGOS - MINIGAMES		MRA_CATEGORY	Mixed
Pong (Rev E).mra	pong	BREAKOUT - PADDLE		MRA_CATEGORY	Ball and Paddle
Ponpoko.mra	ponpoko	PLATAFORMA		MRA_CATEGORY	Platform - Climb
Pooyan.mra	pooyan	TIRO	LIGHT GUN	MRA_CATEGORY	Shooter - Gallery
Pop Flamer (Bootleg conversion).mra	popflamn	TIRO	LIGHT GUN	MRA_CATEGORY	Shooter - Gallery
Popeye (Rev D).mra	popeye	PLATAFORMA		MRA_CATEGORY	Platform - Climb
Port Man (bootleg on Moon Cresta hardware).mra	porter	PLATAFORMA		CURATED_V1	Dunno
Power Drive.mra	powerdrv	CORRIDA		MRA_CATEGORY	Racing
Power Instinct 2 (US, Ver. 94.04.08, set 1).mra	pwrinst2	LUTA	VERSUS	MRA_CATEGORY	Fighting
Prehistoric Isle in 1930 (World).mra	prehisle	SHOOT EM UP	HORIZONTAL	CURATED_V1	
Premier Soccer (ver EAB).mra	prmrsocr	ESPORTES	FUTEBOL	HEURISTIC	
Primal Rage (version 2.3, Jan 1995).mra	primrage	LUTA	VERSUS	HEURISTIC	
Primal Rage 2.mra	primrag2	LUTA	VERSUS	MRA_CATEGORY	Fighting
Princess Clara Daisakusen (J 960910 V1.000).mra	prikura	RPG - AVENTURA		CURATED_V1	
Pro Bowling (DECO).mra	cprobowl	ESPORTES		MRA_CATEGORY	Sports
Pro Mahjong Kiwame S (J 951020 V1.208).mra	kiwames	MESA - CARTAS	MAHJONG	HEURISTIC	
Pro Soccer (DECO).mra	cpsoccer	ESPORTES		MRA_CATEGORY	Sports
Pro Tennis (DECO).mra	cptennis	ESPORTES		MRA_CATEGORY	Sports
Pro Tennis World Court (Japan).mra	wldcourt	ESPORTES	TENIS	HEURISTIC	
Pro Yakyuu World Stadium (Japan).mra	ws	ESPORTES	BASEBALL	HEURISTIC	
Progear (USA 010117).mra	progear	SHOOT EM UP	HORIZONTAL	HEURISTIC	
Psychic 5 (World).mra	psychic5	LABIRINTO		MRA_CATEGORY	Action / Maze Vertical
Psycho-Nics Oscar (World).mra	oscar	PLATAFORMA		MRA_CATEGORY	Platform
PuLiRuLa (World, dual PCB).mra	pulirula	BEAT EM UP		HEURISTIC	
Pulsar.mra	pulsar	SHOOT EM UP		MRA_CATEGORY	Maze shooter
Punk Shot (US 4 Players).mra	punkshot	ESPORTES	BASQUETE	CURATED_V1	
Puyo Puyo Sun (J 961115 V0.001).mra	puyosun	PUZZLE		HEURISTIC	
Puzz Loop 2 (Europe 010302).mra	pzloop2	PUZZLE		HEURISTIC	
Puzzle & Action- Sando-R (J 951114 V1.000).mra	sandor	PUZZLE		HEURISTIC	
Puzzle Star (ver. 100MG, WORLD).mra	puzlstar	PUZZLE		HEURISTIC	
Puzzle Uo Poko (World).mra	uopoko	PUZZLE		MRA_CATEGORY	Puzzle
Puzzle! Mushihime-Tama (Japan, 2005-09-09.MASTER VER) .mra	mushitam	SHOOT EM UP		MRA_CATEGORY	Shooter
Puzzli 2 (ver. 100, WORLD).mra	puzzli2	PUZZLE		HEURISTIC	
Q'bert (US, Set 1).mra	qbert	PLATAFORMA		MRA_CATEGORY	Platform - Climb
QBert Qubes.mra	qbertqub	PLATAFORMA		MRA_CATEGORY	Platform
Qix II (Tournament).mra	qix2	LABIRINTO		MRA_CATEGORY	Maze
Qix.mra	qix	LABIRINTO		MRA_CATEGORY	Maze
Quartet (Rev A, 4p, World, S16A) [8751 315-5194].mra	quartet	RUN AND GUN		CURATED_V1	
Quartet 2 (World, S16A) [No Protection].mra	quartet2a	RUN AND GUN		CURATED_V1	
Quester (Japan).mra	quester	BREAKOUT - PADDLE		CURATED_V1	
Quiz & Dragons Capcom Quiz Game (USA 920701).mra	qad	QUIZ		HEURISTIC	
Quiz Chikyu Bouei Gun (Japan).mra	qzchikyu	QUIZ		HEURISTIC	
Quiz Crayon Shinchan (Japan).mra	qcrayon	QUIZ		HEURISTIC	
Quiz de Idol! Hot Debut (Japan).mra	hotdebut	QUIZ		HEURISTIC	
Quiz H.Q. (Japan).mra	quizhq	QUIZ		HEURISTIC	
Quiz Jinsei Gekijoh (Japan).mra	qjinsei	QUIZ		HEURISTIC	
Quiz Nanairo Dreams Nijiirochou no Kiseki (Japan 960826).mra	qndream	QUIZ		HEURISTIC	
Quiz Quest - Hime to Yuusha no Monogatari (Japan).mra	qzquest	QUIZ		HEURISTIC	
Quiz Tonosama no Yabou 2 Zenkoku-ban (Japan 950123).mra	qtono2j	QUIZ		HEURISTIC	
Quiz Torimonochou (Japan).mra	qtorimon	QUIZ		HEURISTIC	
R-Type (World).mra	rtype	SHOOT EM UP		MRA_CATEGORY	Shooter
R-Type II (World).mra	rtype2	SHOOT EM UP		MRA_CATEGORY	Shooter
R-Type Leo (World).mra	rtypeleo	SHOOT EM UP		MRA_CATEGORY	Shooter
Racing Hero.mra	rachero	SHOOT EM UP	AEREO	MRA_CATEGORY	Shooter / Flight
Radar Scope (rev. D).mra	radarscp	TIRO	LIGHT GUN	MRA_CATEGORY	Shooter - Gallery
Radiant Silvergun (JUET 980523 V1.000).mra	rsgun	SHOOT EM UP	VERTICAL	HEURISTIC	
Rafflesia (315-5162).mra	raflesia	SHOOT EM UP	VERTICAL	MRA_CATEGORY	Shooter - Vertical
Raiden (World).mra	raiden	SHOOT EM UP		MRA_CATEGORY	Shoot
Raiden DX (UK).mra	raidendx	SHOOT EM UP		MRA_CATEGORY	Shoot
Raiden II (US, set 1).mra	raiden2	SHOOT EM UP		MRA_CATEGORY	Shoot
Raiders5.mra	raiders5	PLATAFORMA		MRA_CATEGORY	Platform - Climb
Raiga - Strato Fighter (US).mra	stratof	SHOOT EM UP	VERTICAL	CURATED_V1	
Rainbow Islands (rev 1).mra	rbisland	PLATAFORMA		HEURISTIC	
Rainbow Islands (World, rev 2, set 1 bazset).mra	rbisland	PLATAFORMA		HEURISTIC	
Rainbow Islands - Extra Version (bazset).mra	rbislande	PLATAFORMA		HEURISTIC	
Rainbow Islands - Extra Version.mra	rbislande	PLATAFORMA		HEURISTIC	
Rally Bike - Dash Yarou.mra	rallybik	CORRIDA		HEURISTIC	
Rally-X (32k Ver).mra	rallyx	LABIRINTO		MRA_CATEGORY	Maze
Rampage (Rev 3, 860827).mra	rampage	PLATAFORMA		MRA_CATEGORY	Platform - Climb
Rampage World Tour-1.mra	rmpgwt	ACAO		CURATED_V1	
Rampage World Tour.mra	rmpgwt	ACAO		CURATED_V1	
Rampart.mra	rampart	ESTRATEGIA		CURATED_V3	Strategy
Rastan (World Rev 1).mra	rastan	PLATAFORMA		HEURISTIC	
Reactor.mra	reactor	SHOOT EM UP		MRA_CATEGORY	Shooter
Red Baron.mra	redbarona	ACAO		MRA_CATEGORY	Army / Airforce 3D
Red Earth (Asia 961121, NO CD).mra	redearthn	LUTA	VERSUS	HEURISTIC	
Regulus (315-5033, Rev A).mra	regulus	SHOOT EM UP	VERTICAL	MRA_CATEGORY	Shooter - Vertical
Renegade (US).mra	renegade	BEAT EM UP		CURATED_V1	
Repulse.mra	repulse	SHOOT EM UP		MRA_CATEGORY	Shooter
Rescue.mra	rescue	SHOOT EM UP	HORIZONTAL	MRA_CATEGORY	Shooter - Horizontal
Revolution X.mra	revx	SHOOT EM UP		MRA_CATEGORY	Shooter
Riddle of Pythagoras (Japan).mra	ridleofp	BREAKOUT - PADDLE		MRA_CATEGORY	Ball and Paddle
Ring King (US set 1).mra	ringking	ESPORTES		MRA_CATEGORY	Sports
Ring of Destruction Slammasters II (Europe 940902).mra	ringdest	ESPORTES	LUTA LIVRE	CURATED_V1	
Riot City (Japan).mra	riotcity	BEAT EM UP		HEURISTIC	
Risky Challenge.mra	riskchal	PUZZLE		CURATED_V1	
Rival Schools - United By Fate (USA).mra	rvschoolu	LUTA	VERSUS	MRA_CATEGORY	Fighting
River Patrol (JP, Unprotected).mra	rpatroln	ESPORTES		MRA_CATEGORY	Sports
Road Blasters (upright, rev 4).mra	roadblst	CORRIDA		CURATED_V1	Arcade
Road Fighter (set 1).mra	roadf	CORRIDA		CURATED_V1	
Road Runner (rev 2).mra	roadrunn	PLATAFORMA		CURATED_V1	Arcade
Robocop (World, revision 4).mra	robocop	RUN AND GUN		CURATED_V1	
Robocop 2 (USA, v0.10).mra	robocop2u	RUN AND GUN		MRA_CATEGORY	Run & Gun
Robotron 2084.mra	robotron	SHOOT EM UP	MULTIDIRECIONAL	MRA_CATEGORY	Shooter - Multidirectional
Roc'n Rope.mra	rocnrope	PLATAFORMA		CURATED_V1	
Rod-Land (World, Set 1).mra	rodland	PLATAFORMA		HEURISTIC	
Rohga - Armor Force (World, v5.0).mra	rohga	RUN AND GUN		MRA_CATEGORY	Run & Gun
Rolling Thunder (rev 3).mra	rthunder	PLATAFORMA		HEURISTIC	
Rompers (Japan, new version (Rev B)).mra	rompers	LABIRINTO		CURATED_V1	
Rootin' Tootin' (DECO).mra	clapapa2	ACAO		MRA_CATEGORY	Action
Rumba Lumber (rev 1).mra	rumba	LABIRINTO		CURATED_V1	
Run and Gun (ver EAA 1993 10.8).mra	rungun	ESPORTES	BASQUETE	CURATED_V1	
Rush'n Attack - Green Beret.mra	gberet	RUN AND GUN	HORIZONTAL	MRA_CATEGORY	Run 'n' Gun - Horizontal
Rygar.mra	rygar	PLATAFORMA		MRA_CATEGORY	Platform
RyuKyu (Rev A, Japan) (FD1094 317-5023A).mra	ryukyu	PUZZLE		CURATED_V1	
S.O.S..mra	sosterm	PLATAFORMA		MRA_CATEGORY	Platform
S.V.G. - Spectral vs Generation (ver. 200).mra	svg	LUTA	VERSUS	HEURISTIC	
Saint Dragon (Set 1).mra	stdragon	SHOOT EM UP	HORIZONTAL	HEURISTIC	
Salamander (version D).mra	salamand	SHOOT EM UP		MRA_CATEGORY	Shmup
Same! Same! Same! (2P Set).mra	samesame2	SHOOT EM UP	VERTICAL	CURATED_V1	
Samurai Aces (World).mra	samuraia	SHOOT EM UP		MRA_CATEGORY	Shoot 'Em Up
SAR - Search And Rescue (World).mra	searchar	RUN AND GUN		CURATED_V1	
Sarge.mra	sarge	SHOOT EM UP	MULTIDIRECIONAL	MRA_CATEGORY	Shooter - Multidirectional
Sasuke.mra	sasuke	SHOOT EM UP		MRA_CATEGORY	Shooter
Satan Of Saturn.mra	satansat	SHOOT EM UP		MRA_CATEGORY	Shooter
Satan's Hollow (Set 1).mra	shollow	TIRO	LIGHT GUN	MRA_CATEGORY	Shooter - Gallery
Saturday Night Slam Masters (World 930713).mra	slammast	ESPORTES	LUTA LIVRE	CURATED_V1	
Saturn.mra	saturnzi	LABIRINTO		MRA_CATEGORY	Maze
Saurian Front (proto v5.0 08-07-90).mra	saurnfrnt	SHOOT EM UP		CURATED_V1	
Scooter Shooter.mra	scotrsht	SHOOT EM UP	HORIZONTAL	MRA_CATEGORY	Shooter - Horizontal
Scramble (Stern, Set 1).mra	scramble	SHOOT EM UP	HORIZONTAL	MRA_CATEGORY	Shooter - Horizontal
Scrum Try (DECO).mra	cscrtry	ESPORTES		MRA_CATEGORY	Sports
SD Gundam Psycho Salamander no Kyoui.mra	sdgndmps	SHOOT EM UP		MRA_CATEGORY	Shoot
SD Gundam Sangokushi Rainbow Tairiku Senki (Japan).mra	grainbow	ACAO		MRA_CATEGORY	Action
SDI Strategic Defense Initiative (Japan, New Ver., S16A) [FD1089B 317-0027].mra	sdi	SHOOT EM UP		HEURISTIC	
Sea Bass Fishing (JUET 971110 V0.001).mra	seabass	ESPORTES	PESCA	CURATED_V1	
Sea Fighter Poseidon.mra	sfposeid	SHOOT EM UP		MRA_CATEGORY	Shooter
Sea Wolf (Set 1).mra	seawolf	TIRO	LIGHT GUN	MRA_CATEGORY	Shooter - Gallery
Sea Wolf II.mra	seawolf2	TIRO	LIGHT GUN	MRA_CATEGORY	Shooter - Gallery
Secret Agent (World, revision 3).mra	secretag	RUN AND GUN		CURATED_V1	
Section Z (US).mra	sectionz	SHOOT EM UP	HORIZONTAL	CURATED_V1	
Sega Ninja (315-5102).mra	seganinj	TIRO	LIGHT GUN	MRA_CATEGORY	Shooter - Gallery
Sei Senshi Amatelass.mra	amatelas	SHOOT EM UP		MRA_CATEGORY	Shoot 'em up
Seibu Cup Soccer (set 1).mra	cupsoc	ESPORTES		MRA_CATEGORY	Sports
Shadow Dancer (World).mra	shdancer	PLATAFORMA		HEURISTIC	
Shadow Warriors (World, set 1).mra	shadoww	BEAT EM UP		CURATED_V1	
Shadowland (YD3).mra	shadowld	PLATAFORMA		CURATED_V1	
Shanghai - The Great Wall - Shanghai Triple Threat (JUE 950623 V1.005).mra	shanhigw	MESA - CARTAS		HEURISTIC	
Shienryu (JUET 961226 V1.000).mra	shienryu	SHOOT EM UP	VERTICAL	HEURISTIC	
Shinobi (Set 6, World, S16A) [No Protection].mra	shinobi	PLATAFORMA		HEURISTIC	
Shippu Mahou Daisakusen (Japan).mra	shippumd	SHOOT EM UP		MRA_CATEGORY	Shoot'em up
Shiritsu Justice Gakuen - Legion of Heroes (Japan 971216).mra	jgakuen	LUTA	VERSUS	MRA_CATEGORY	Fighting
Shot Rider (B-Board 89624B-1).mra	shtrider	CORRIDA		MRA_CATEGORY	Racing
Shuffleboard.mra	shuffle	ESPORTES		MRA_CATEGORY	Sports
Silkworm.mra	silkworm	SHOOT EM UP	HORIZONTAL	MRA_CATEGORY	Shooter - Horizontal
Silver Land.mra	silvland	ESPORTES		MRA_CATEGORY	Sports
Sinistar.mra	sinistar	SHOOT EM UP	MULTIDIRECIONAL	MRA_CATEGORY	Shooter - Multidirectional
Skater (DECO).mra	cskater	ACAO		MRA_CATEGORY	Action
SkullXBones.mra	skullxbo	BEAT EM UP		CURATED_V3	Beat 'em up
Sky Adventure (World).mra	skyadvnt	SHOOT EM UP	VERTICAL	HEURISTIC	
Sky Kid (new version).mra	skykid	SHOOT EM UP	HORIZONTAL	CURATED_V2	
Sky Kid Deluxe (set 1).mra	skykiddx	SHOOT EM UP	HORIZONTAL	CURATED_V2	
Sky Skipper.mra	skyskipr	ACAO		MRA_CATEGORY	Arena
Sky Smasher.mra	skysmash	SHOOT EM UP		MRA_CATEGORY	Shoot
Sky Soldiers (US).mra	skysoldr	SHOOT EM UP	VERTICAL	HEURISTIC	
Slap Shooter.mra	slapshtr	ESPORTES	HOQUEI	MRA_CATEGORY	Sports / Hockey
Slither.mra	slither	SHOOT EM UP		MRA_CATEGORY	Shooter
Smash T.V. (rev 8.00) [firefix mixboot].mra	smashtv	SHOOT EM UP	MULTIDIRECIONAL	CURATED_V1	
Smash T.V. (rev 8.00).mra	smashtv	SHOOT EM UP	MULTIDIRECIONAL	CURATED_V1	
Snap Jack.mra	snapjack	PLATAFORMA		MRA_CATEGORY	Platform
Snezhnaja Koroleva.mra	koroleva	LABIRINTO		MRA_CATEGORY	Maze
Snow Bros. - Nick & Tom (Japan).mra	snowbrosj	PLATAFORMA		MRA_CATEGORY	Platform
Snow Bros. 2 - With New Elves - Otenki Paradise (Hanafram).mra	snowbro2	PLATAFORMA		MRA_CATEGORY	Platform
Sol Divide Sword Of Darkness.mra	soldivid	SHOOT EM UP	HORIZONTAL	CURATED_V2	
Solar Fox.mra	solarfox	SHOOT EM UP	MULTIDIRECIONAL	MRA_CATEGORY	Shooter - Multidirectional
Soldam.mra	soldam	PUZZLE		HEURISTIC	
Solitary Fighter (World).mra	solfigtr	LUTA	VERSUS	HEURISTIC	
Solomon's Key.mra	solomon	PLATAFORMA		MRA_CATEGORY	Platform - Climb
Sonic Boom (FD1094 317-0053).mra	sonicbom	SHOOT EM UP	HORIZONTAL	HEURISTIC	
SonSon.mra	sonson	PLATAFORMA		HEURISTIC	
Soukyugurentai - Terra Diver (JUET 960821 V1.000).mra	sokyugrt	SHOOT EM UP	VERTICAL	CURATED_V1	
Space Ace.mra	spaceace	RPG - AVENTURA		MRA_CATEGORY	LaserDisc
Space Bomber (ver. B).mra	sbomber	SHOOT EM UP		CURATED_V1	
Space Chaser.mra	schaser	LABIRINTO		MRA_CATEGORY	Maze
Space Cruiser.mra	spacecr	SHOOT EM UP		MRA_CATEGORY	Shooter
Space Demon.mra	SpaceDemon	SHOOT EM UP		MRA_CATEGORY	Shoot'em up
Space Dungeon.mra	sdungeon	SHOOT EM UP		MRA_CATEGORY	Shooter
Space Encounters.mra	spcenctr	SHOOT EM UP	VERTICAL	MRA_CATEGORY	Shooter - Vertical
Space Firebird.mra	spacefb	SHOOT EM UP		MRA_CATEGORY	Shoot'em up
Space Fury (revision C).mra	spacfury	SHOOT EM UP		MRA_CATEGORY	Shooter
Space Harrier (Rev A, 8751 315-5163A).mra	sharrier	SHOOT EM UP	AEREO	CURATED_V1	
Space Invaders Part II (Taito, Bigger ROMs).mra	invadpt2	TIRO	LIGHT GUN	MRA_CATEGORY	Shooter - Gallery
Space Invaders.mra	invaders	TIRO	LIGHT GUN	MRA_CATEGORY	Shooter - Gallery
Space Panic.mra	panic	PLATAFORMA		MRA_CATEGORY	Platform
Space Race [TTL].mra	spacerace	CORRIDA		MRA_CATEGORY	Racing
Space Seeker.mra	spaceskr	SHOOT EM UP		MRA_CATEGORY	Shooter
Space Zap.mra	spacezap	SHOOT EM UP	MULTIDIRECIONAL	MRA_CATEGORY	Shooter - Multidirectional
Spatter (315-5xxx).mra	spatter	LABIRINTO		MRA_CATEGORY	Maze
Spectar.mra	spectar	LABIRINTO		MRA_CATEGORY	Maze
Speed Coin.mra	spdcoin	PUZZLE		MRA_CATEGORY	Puzzle
Spelunker II - 23 no Kagi (JP).mra	spelunk2	PLATAFORMA		MRA_CATEGORY	Platform - Climb
Spelunker.mra	spelunkr	PLATAFORMA		MRA_CATEGORY	Platform - Climb
Splat!.mra	splat	SHOOT EM UP	MULTIDIRECIONAL	MRA_CATEGORY	Shooter - Multidirectional
Splatter House (World, new version (SH3)).mra	splatter	BEAT EM UP		HEURISTIC	
Sprint 1.mra	sprint1	CORRIDA		MRA_CATEGORY	Racing
Sprint 2.mra	sprint2	CORRIDA		MRA_CATEGORY	Racing
Spy Hunter.mra	spyhunt	SHOOT EM UP	VERTICAL	MRA_CATEGORY	Shooter - Vertical
Squash (World, ver. 1.0, checksum 015aef61).mra	squash	ESPORTES		CURATED_V1	
Squash.mra	squaitsa	ESPORTES		MRA_CATEGORY	Sports
SRD Mission.mra	srdmissn	SHOOT EM UP		MRA_CATEGORY	Shooter
Star Force.mra	starforc	SHOOT EM UP	VERTICAL	MRA_CATEGORY	Shooter - Vertical
Star Gladiator 2 - Nightmare of Bilstein (Japan).mra	stargld2	LUTA	VERSUS	MRA_CATEGORY	Fighting
Star Gladiator Episode I - Final Crusade (USA).mra	starglad	LUTA	VERSUS	MRA_CATEGORY	Fighting
Star Guards.mra	stargrds	SHOOT EM UP	MULTIDIRECIONAL	MRA_CATEGORY	Shooter - Multidirectional
Star Jacker.mra	starjack	SHOOT EM UP	VERTICAL	MRA_CATEGORY	Shooter - Vertical
Star Soldier - Vanishing Earth.mra	starsldr	SHOOT EM UP		MRA_CATEGORY	Shooter
Star Trek.mra	startrek	SHOOT EM UP		MRA_CATEGORY	Shooter
Star Wars (Rev 2).mra	starwars	SHOOT EM UP		MRA_CATEGORY	Shooter
Star Wars (Sega, US) [Patreon].mra	swa	SHOOT EM UP	AEREO	CURATED_V3	Rail shooter / space combat
Stargate.mra	stargate	SHOOT EM UP	HORIZONTAL	MRA_CATEGORY	Shooter - Horizontal
Steep Slope Sliders (JUET 981110 V1.000).mra	sss	ESPORTES	SNOWBOARD	CURATED_V2	
Storm Blade.mra	stmblade	SHOOT EM UP	VERTICAL	HEURISTIC	
Strategy X.mra	stratgyx	SHOOT EM UP	MULTIDIRECIONAL	MRA_CATEGORY	Shooter - Multidirectional
Street Fighter (US, set 1).mra	sf	LUTA	VERSUS	HEURISTIC	
Street Fighter Alpha 2 (Europe 960229).mra	sfa2	LUTA	VERSUS	HEURISTIC	
Street Fighter Alpha 3 (Europe 980904).mra	sfa3	LUTA	VERSUS	HEURISTIC	
Street Fighter Alpha Warriors' Dreams (Europe 950727).mra	sfa	LUTA	VERSUS	HEURISTIC	
Street Fighter EX (USA).mra	sfexu	LUTA	VERSUS	MRA_CATEGORY	Fighting
Street Fighter EX Plus (USA 970311).mra	sfexpu1	LUTA	VERSUS	MRA_CATEGORY	Fighting
Street Fighter EX2 (USA 980526).mra	sfex2u	LUTA	VERSUS	MRA_CATEGORY	Fighting
Street Fighter EX2 Plus (USA).mra	sfex2pu	LUTA	VERSUS	MRA_CATEGORY	Fighting
Street Fighter II The World Warrior (World 910522).mra	sf2	LUTA	VERSUS	HEURISTIC	
Street Fighter II' Champion Edition (World 920513).mra	sf2ce	LUTA	VERSUS	HEURISTIC	
Street Fighter II' Champion Re-Edit (Hack, v0.29.7).mra	sf2cre	LUTA	VERSUS	HEURISTIC	
Street Fighter II' Hyper Fighting (World 921209).mra	sf2hf	LUTA	VERSUS	HEURISTIC	
Street Fighter II' Special Champion Edition (Sr Street hack).mra	sf2hfsce	LUTA	VERSUS	HEURISTIC	
Street Fighter III 2nd Impact Giant Attack (Asia 970930, NO CD).mra	sfiii2n	LUTA	VERSUS	HEURISTIC	
Street Fighter III 3rd Strike Fight for the Future (Japan 990608, NO CD).mra	sfiii3n	LUTA	VERSUS	HEURISTIC	
Street Fighter III New Generation (Asia 970204, NO CD, BIOS set 1).mra	sfiiin	LUTA	VERSUS	HEURISTIC	
Street Fighter Zero (CPS Changer, Japan 951020).mra	sfzch	LUTA	VERSUS	HEURISTIC	
Street Fighter Zero 2 Alpha (Asia 960826).mra	sfz2al	LUTA	VERSUS	HEURISTIC	
Street Smart (US Version 2).mra	streetsm	LUTA	VERSUS	HEURISTIC	
Strider (USA, B-Board 89624B-2).mra	strider	PLATAFORMA		HEURISTIC	
Strider 2 (USA).mra	strider2u	PLATAFORMA		MRA_CATEGORY	Platform
Strider Hiryu 2 (Japan).mra	shiryu2	PLATAFORMA		MRA_CATEGORY	Platform
Strike Force (rev 1 02-25-91).mra	strkforc	SHOOT EM UP		CURATED_V1	
Strikers 1945 (World).mra	s1945	SHOOT EM UP		MRA_CATEGORY	Shoot 'Em Up
Strikers 1945 II.mra	s1945ii	SHOOT EM UP	VERTICAL	HEURISTIC	
Strikers 1945 III.mra	s1945iii	SHOOT EM UP	VERTICAL	HEURISTIC	
Subs.mra	subs	CORRIDA		MRA_CATEGORY	Racing
Suikoenbu - Outlaws of the Lost Dynasty (JUETL 950314 V2.001).mra	suikoenb	LUTA	VERSUS	CURATED_V1	
Sukeban Jansi Ryuko (set 2, System 16B, FD1089B 317-5021).mra	sjryuko	MESA - CARTAS	MAHJONG	CURATED_V1	
Sunset Riders (4 Players ver EAC).mra	ssriders	RUN AND GUN		CURATED_V2	
Super Astro Fighter (DECO).mra	csuperas	SHOOT EM UP		MRA_CATEGORY	Shooter
Super Bagman.mra	sbagman	PLATAFORMA		MRA_CATEGORY	Platform - Climb
Super Basketball (version I, encrypted).mra	sbasketb	ESPORTES	BASQUETE	HEURISTIC	
Super Breakout (Rev 04).mra	sbrkout	BREAKOUT - PADDLE		MRA_CATEGORY	Ball and Paddle
Super Burger Time (World, Set 1).mra	supbtime	PLATAFORMA		MRA_CATEGORY	Platform
Super Casino.mra	sucasino	PLATAFORMA		MRA_CATEGORY	Platform
Super Cobra.mra	scobra	SHOOT EM UP	HORIZONTAL	MRA_CATEGORY	Shooter - Horizontal
Super Contra (set 1).mra	scontra	RUN AND GUN		HEURISTIC	
Super Doubles Tennis (DECO).mra	csdtenis	ESPORTES		MRA_CATEGORY	Sports
Super Gem Fighter Mini Mix (USA 970904).mra	sgemf	LUTA	VERSUS	CURATED_V1	
Super Glob (Pac-Man, German) [bl].mra	sprglbpg	PLATAFORMA		MRA_CATEGORY	Platform - Climb
Super Hang-On (sitdown-upright) (unprotected).mra	shangon	CORRIDA		HEURISTIC	
Super High Impact (rev LA2 10-22-91).mra	shimpact	ESPORTES	FUTEBOL AMERICANO	CURATED_V2	
Super League (FD1094 317-0045).mra	suprleag	ESPORTES	BASEBALL	HEURISTIC	
Super Locomotive.mra	suprloco	LABIRINTO		MRA_CATEGORY	Labyrinth / Maze
Super Major League (U 960108 V1.000).mra	smleague	ESPORTES	BASEBALL	HEURISTIC	
Super Monaco GP (World, Rev B).mra	smgp	SHOOT EM UP	AEREO	MRA_CATEGORY	Shooter / Flight
Super Pac-Man.mra	superpac	LABIRINTO		MRA_CATEGORY	Maze
Super Pang (World 900914).mra	spang	TIRO	GALERIA	CURATED_V1	
Super Puzzle Fighter II Turbo (Europe 960529).mra	spf2t	PUZZLE		HEURISTIC	
Super Real Mahjong VS (Rev A).mra	srmvs	MESA - CARTAS	MAHJONG	MRA_CATEGORY	Mahjong
Super Space Invaders '91 (World, revised code, Rev 1).mra	ssi	SHOOT EM UP	FIXO	CURATED_V2	
Super Sprint (rev 4).mra	ssprint	CORRIDA		CURATED_V1	Arcade
Super Street Fighter II The New Challengers (World 931005).mra	ssf2	LUTA	VERSUS	HEURISTIC	
Super Street Fighter II Turbo (World 940223).mra	ssf2t	LUTA	VERSUS	HEURISTIC	
Super Xevious.mra	sxevious	SHOOT EM UP	VERTICAL	MRA_CATEGORY	Shooter - Vertical
Super Zaxxon (315-5013).mra	szaxxon	SHOOT EM UP	ISOMETRICO	MRA_CATEGORY	Shooter - Isometric
Superior Soldiers (US).mra	ssoldier	LUTA	VERSUS	MRA_CATEGORY	Fighter
Superman (World).mra	superman	BEAT EM UP		CURATED_V1	
Surprise Attack (World ver. K).mra	suratk	RUN AND GUN		CURATED_V1	
Susume! Mile Smile - Go Go! Mile Smile (newer).mra	gogomile	LABIRINTO		MRA_CATEGORY	Maze
Swat (315-5048).mra	swat	SHOOT EM UP	MULTIDIRECIONAL	MRA_CATEGORY	Shooter - Multidirectional
Sweet Heart (DECO).mra	csweetht	ACAO		MRA_CATEGORY	Action
Syvalion.mra	syvalion	SHOOT EM UP	MULTIDIRECIONAL	CURATED_V1	
T-MEK (v5.1, The Warlords).mra	tmek	TIRO	PRIMEIRA PESSOA	CURATED_V2	
Tac-Scan.mra	tacscan	SHOOT EM UP		MRA_CATEGORY	Shooter
Taisen Hot Gimmick (Japan).mra	hotgmck	MESA - CARTAS	MAHJONG	CURATED_V1	
Taisen Hot Gimmick 3 Digital Surfing (Japan).mra	hotgmck3	MESA - CARTAS	MAHJONG	CURATED_V1	
Taisen Hot Gimmick 4 Ever (Japan).mra	hotgm4ev	MESA - CARTAS	MAHJONG	CURATED_V1	
Taisen Hot Gimmick Kairakuten (Japan).mra	hgkairak	MESA - CARTAS	MAHJONG	CURATED_V1	
Taisen Tanto-R Sashissu!! (J 980216 V1.000).mra	sasissu	MULTIJOGOS - MINIGAMES		CURATED_V1	
Talbot.mra	talbot	LABIRINTO		MRA_CATEGORY	Maze
Tank Force (US, 2 Players).mra	tankfrce	SHOOT EM UP	MULTIDIRECIONAL	CURATED_V1	
Tank Battalion.mra	tankbatt	LABIRINTO		MRA_CATEGORY	Maze
Tapper (Budweiser, 840127).mra	tapper	ACAO		MRA_CATEGORY	Action
TARG.mra	targ	LABIRINTO		MRA_CATEGORY	Maze
Tatakae! Big Fighter (Japan).mra	bigfghtr	SHOOT EM UP		MRA_CATEGORY	Shoot 'em up
Tazz-Mania (Set 1).mra	tazmania	SHOOT EM UP	MULTIDIRECIONAL	MRA_CATEGORY	Shooter - Multidirectional
Tech Romancer (USA).mra	techromnu	LUTA	VERSUS	MRA_CATEGORY	Fighting
Tecmo World Cup '98 (JUET 980410 V1.000).mra	twcup98	ESPORTES	FUTEBOL	HEURISTIC	
TeddyBoy Blues (315-5115, New Ver).mra	teddybb	PLATAFORMA		MRA_CATEGORY	Platform
Teenage Mutant Ninja Turtles (World 4 Players, version X).mra	tmnt	BEAT EM UP		HEURISTIC	
Teenage Mutant Ninja Turtles - Turtles in Time (4 Players Ver. UAA).mra	tmnt2	BEAT EM UP		MRA_CATEGORY	Beat'em up
Teenage Mutant Ninja Turtles Turtles in Time (4 Players ver UAA).mra	tmnt2	BEAT EM UP		HEURISTIC	
Tehkan World Cup (set 1).mra	tehkanwc	ESPORTES	FUTEBOL	HEURISTIC	
Teki Paki.mra	tekipaki	PUZZLE		MRA_CATEGORY	Puzzle
Tempest.mra	tempest	SHOOT EM UP	TUBO	MRA_CATEGORY	Shooter - Tube
Tenchi wo Kurau II Sekiheki no Tatakai (CPS Changer, Japan 921031).mra	wofch	BEAT EM UP		CURATED_V1	
Tengai (World).mra	tengai	SHOOT EM UP		MRA_CATEGORY	Shoot 'Em Up
Terminator 2 - Judgment Day (rev LA4 08-03-92).mra	term2	TIRO	LIGHT GUN	HEURISTIC	
Terra Cresta (YM3526 set 1).mra	terracre	SHOOT EM UP		MRA_CATEGORY	Shoot 'em up
Terra Force (Japan).mra	terrafj	SHOOT EM UP		MRA_CATEGORY	Shoot 'em up
Terranean (DECO).mra	cterrani	SHOOT EM UP		MRA_CATEGORY	Shooter
Tetris (Japan, System E).mra	tetrisse	PUZZLE		MRA_CATEGORY	Puzzle / Drop
Tetris (Set 4, Japan, S16A) [FD1094 317-0093].mra	tetris	PUZZLE		HEURISTIC	
Tetris - The Grand Master (Japan).mra	tgmj	PUZZLE		MRA_CATEGORY	Puzzle
Tetris The Absolute - The Grand Master 2.mra	tgm2	PUZZLE		HEURISTIC	
Tetris.mra	atetris	PUZZLE		MRA_CATEGORY	Puzzle
The Adventures of Robby Roto!.mra	robby	LABIRINTO		MRA_CATEGORY	Maze
The Battle-Road.mra	battroad	SHOOT EM UP	VERTICAL	MRA_CATEGORY	Shooter - Vertical
The Cliffhanger - Edward Randy (World ver 3).mra	edrandy	BEAT EM UP		CURATED_V1	
The Cliffhanger - Edward Randy (World, Ver. 3).mra	edrandy	BEAT EM UP		CURATED_V1	Platform
The Electric Yo-Yo.mra	elecyoyo	LABIRINTO		MRA_CATEGORY	Maze
The End.mra	theend	TIRO	LIGHT GUN	MRA_CATEGORY	Shooter - Gallery
The FairyLand Story.mra	flstory	PLATAFORMA		HEURISTIC	
The Final Round (version M).mra	fround	ESPORTES	BOXE	CURATED_V1	
The Gladiator (ver. 107).mra	theglad	BEAT EM UP		HEURISTIC	
The Killing Blade (ver. 109, Chinese Board).mra	killbld	LUTA	VERSUS	HEURISTIC	
The Killing Blade Plus (China, ver. 300).mra	killbldp	LUTA	VERSUS	HEURISTIC	
The King of Dragons (World 910805).mra	kod	BEAT EM UP		HEURISTIC	
The Legend of Kage (bootleg set 1).mra	lkagebl1	PLATAFORMA		HEURISTIC	
The Lord of King (Japan).mra	lordofk	PLATAFORMA		CURATED_V2	
The NewZealand Story (World, new version) (P0-043A PCB).mra	tnzs	PLATAFORMA		HEURISTIC	
The Next Space (Japan).mra	tnextspcj	SHOOT EM UP	HORIZONTAL	CURATED_V1	
The Ninja Kids (World).mra	ninjak	BEAT EM UP		HEURISTIC	
The Ninja Warriors (World).mra	ninjaw	LUTA	VERSUS	MRA_CATEGORY	Fighter
The Punisher (World 930422).mra	punisher	BEAT EM UP		HEURISTIC	
The Real Ghostbusters (US, 2 Players, Revision 2).mra	ghostb	SHOOT EM UP		MRA_CATEGORY	Shooter
The Return of Ishtar.mra	roishtar	RPG - AVENTURA		CURATED_V1	
The Simpsons (4 Players World, set 1).mra	simpsons	BEAT EM UP		CURATED_V1	
The Speed Rumbler (set 1).mra	srumbler	RUN AND GUN		CURATED_V1	
The Tin Star.mra	tinstar	ACAO		MRA_CATEGORY	Action
The Tower (DECO).mra	ctower	PLATAFORMA		MRA_CATEGORY	Climbing
The Tower of Druaga.mra	todruaga	LABIRINTO		MRA_CATEGORY	Maze
Three Wonders (World 910520).mra	3wonders	MULTIJOGOS - MINIGAMES		CURATED_V1	
Thunder Blade (upright).mra	thndrbld	SHOOT EM UP	AEREO	MRA_CATEGORY	Shooter / Flight
Thunder Cross (set 1).mra	thunderx	SHOOT EM UP	HORIZONTAL	HEURISTIC	
Thunder Cross II (World).mra	thndrx2	SHOOT EM UP	HORIZONTAL	HEURISTIC	
Thunder Fox (World, rev 1).mra	thundfox	RUN AND GUN		HEURISTIC	
Thunder Heroes (set 1).mra	theroes	LUTA	VERSUS	MRA_CATEGORY	Fighting
Thunder Hoop (ver. 1, checksum 02a09f7d).mra	thoop	PLATAFORMA		CURATED_V1	
Thunder Zone (World, Rev 1).mra	thndzone	RUN AND GUN		MRA_CATEGORY	Run & Gun
Tiger Heli Bootleg.mra	tigerhb1	SHOOT EM UP		MRA_CATEGORY	Shooter
Tiger Road (US).mra	tigeroad	PLATAFORMA		HEURISTIC	
Timber.mra	timber	ACAO		MRA_CATEGORY	Action
Time Pilot '84 (Set 1).mra	tp84	SHOOT EM UP	MULTIDIRECIONAL	MRA_CATEGORY	Shooter - Multidirectional
Time Pilot.mra	timeplt	SHOOT EM UP	MULTIDIRECIONAL	MRA_CATEGORY	Shooter - Multidirectional
Time Scanner (set 2, System 16B).mra	timescan	PINBALL		CURATED_V1	
Time Soldiers (US Rev 3).mra	timesold	RUN AND GUN		CURATED_V2	
Time Tunnel.mra	timetunl	ACAO		MRA_CATEGORY	Action
TNKIII.mra	tnk3	SHOOT EM UP	VERTICAL	MRA_CATEGORY	Shooter / Driving Vertical
Toki (World, set 1).mra	toki	PLATAFORMA		HEURISTIC	
Tokio - Scramble Formation (newer).mra	tokio	SHOOT EM UP	VERTICAL	CURATED_V2	
Toobin.mra	toobin	ESPORTES		CURATED_V1	
Top.Landing.World.mra	topland	ACAO		CURATED_V1	
Tornado (DECO).mra	ctornado	SHOOT EM UP		MRA_CATEGORY	Shooter
Toryumon.mra	toryumon	PUZZLE		HEURISTIC	
Total Carnage (rev LA1 03-10-92).mra	totcarn	SHOOT EM UP	MULTIDIRECIONAL	CURATED_V1	
Tough Turf (set 1, US) (8751 317-0099).mra	tturfu	BEAT EM UP		CURATED_V1	
Tournament Pro Golf (DECO).mra	cprogolf	ESPORTES		MRA_CATEGORY	Sports
Touryuu Densetsu Elan-Doree - Elan Doree - Legend of Dragoon (JUET 980922 V1.006).mra	elandore	LUTA	VERSUS	CURATED_V1	
Tower & Shaft.mra	twrshaft	PUZZLE		MRA_CATEGORY	Puzzle
Track & Field.mra	trackfld	ESPORTES		CURATED_V1	
Transformer.mra	transfrm	SHOOT EM UP		MRA_CATEGORY	Shooter
Traverse USA- Zippy Race (US).mra	travrusa	CORRIDA		MRA_CATEGORY	Racing
Treasure Island (DECO).mra	ctisland	ACAO		MRA_CATEGORY	Action
Tri-Pool (Casino Tech).mra	tripool	ESPORTES	BILHAR	CURATED_V1	
Trick Trap (World).mra	tricktrp	RUN AND GUN		CURATED_V1	
Trio The Punch (World).mra	triothep	ACAO		MRA_CATEGORY	Action
Trog (rev LA5 3-29-91).mra	trog	LABIRINTO		CURATED_V1	
Trojan (US set 1).mra	trojan	PLATAFORMA		HEURISTIC	
Tron.mra	tron	SHOOT EM UP	MULTIDIRECIONAL	MRA_CATEGORY	Shooter - Multidirectional
Tropical Angel.mra	troangel	ESPORTES		MRA_CATEGORY	Sports
Truxton - Tatsujin.mra	truxton	SHOOT EM UP	VERTICAL	CURATED_V1	
Truxton II - Tatsujin Oh.mra	truxton2	SHOOT EM UP		MRA_CATEGORY	Shoot'em up
Tumble Pop (World).mra	tumblep	PLATAFORMA		MRA_CATEGORY	Platform
Turbo (program 1513-1515).mra	turbo	CORRIDA		MRA_CATEGORY	Driving - Race
Turbo Out Run (Out Run upgrade) (FD1094 317-0118).mra	toutrun	CORRIDA		CURATED_V1	
Turbo Tag (Prototype).mra	turbotag	ACAO		MRA_CATEGORY	Arena
Turkey Shoot - The Day They Took Over.mra	tshoot	TIRO	LIGHT GUN	MRA_CATEGORY	Shooter - Gun
Turtles.mra	turtles	LABIRINTO		MRA_CATEGORY	Maze
Tutankham.mra	tutankhm	LABIRINTO		MRA_CATEGORY	Maze
Twin Eagle II - The Rescue Mission.mra	twineag2	SHOOT EM UP	VERTICAL	HEURISTIC	
Twin Hawk (World).mra	twinhawk	SHOOT EM UP	VERTICAL	HEURISTIC	
TwinBee (Bubble System).mra	twinbeeb	SHOOT EM UP		MRA_CATEGORY	Shmup
TwinBee.mra	twinbee	SHOOT EM UP		MRA_CATEGORY	Shmup
Two Tigers (Tron Conversion).mra	twotigerc	TIRO	LIGHT GUN	MRA_CATEGORY	Shooter - Gallery
U.N. Defense Force - Earth Joker (US-Japan, set 1).mra	earthjkr	SHOOT EM UP	VERTICAL	CURATED_V1	Action
U.N. Defense Force - Earth Joker (US-Japan, set 1, bazset).mra	earthjkr	SHOOT EM UP	VERTICAL	CURATED_V1	
U.N. Squadron (USA).mra	unsquad	SHOOT EM UP	HORIZONTAL	HEURISTIC	
Ufo Robo Dangar (4-07-1987).mra	dangar	PLATAFORMA		MRA_CATEGORY	Platform
Ultimate Mortal Kombat 3.mra	umk3	LUTA	VERSUS	HEURISTIC	
Ultra Tank.mra	ultratnk	SHOOT EM UP	MULTIDIRECIONAL	MRA_CATEGORY	Shooter - Multidirectional
Ultra X Weapons - Ultra Keibitai.mra	ultrax	SHOOT EM UP	VERTICAL	HEURISTIC	
Undercover Cops (World).mra	uccops	LUTA	VERSUS	MRA_CATEGORY	Fighter
UniWar S.mra	uniwars	TIRO	LIGHT GUN	MRA_CATEGORY	Shooter - Gallery
Up'n Down.mra	upndown	CORRIDA		MRA_CATEGORY	Racing
V'Ball (US).mra	vball	ESPORTES		MRA_CATEGORY	Sports
Vampire Hunter 2 Darkstalkers Revenge (Japan 970929).mra	vhunt2	LUTA	VERSUS	HEURISTIC	
Vampire Savior 2 The Lord of Vampire (Japan 970913).mra	vsav2	LUTA	VERSUS	HEURISTIC	
Vampire Savior The Lord of Vampire (Europe 970519).mra	vsav	LUTA	VERSUS	HEURISTIC	
Van-Van Car.mra	vanvan	LABIRINTO		MRA_CATEGORY	Maze
Vanguard.mra	vanguard	SHOOT EM UP		MRA_CATEGORY	Shooter
Vapor Trail - Hyper Offence Formation (World revision 1).mra	vaportra	SHOOT EM UP	HORIZONTAL	HEURISTIC	
Vapor Trail - Hyper Offence Formation (World, Rev. 1).mra	vaportra	SHOOT EM UP		MRA_CATEGORY	Shooter
Varth Operation Thunderstorm (World 920714).mra	varth	SHOOT EM UP	VERTICAL	HEURISTIC	
Vasara 2.mra	vasara2	SHOOT EM UP	VERTICAL	HEURISTIC	
Vasara.mra	vasara	SHOOT EM UP	VERTICAL	HEURISTIC	
Vastar.mra	vastar	SHOOT EM UP		MRA_CATEGORY	Shooter
Vendetta (World, 4 Players, ver. T).mra	vendetta	BEAT EM UP		CURATED_V1	
Venture Revision 5.mra	venture	RPG - AVENTURA		MRA_CATEGORY	Adventure
Victorious Nine.mra	victnine	ESPORTES	BASEBALL	CURATED_V2	
Victory Road.mra	victroad	ACAO		MRA_CATEGORY	Action
Victory.mra	victorycb	SHOOT EM UP	MULTIDIRECIONAL	MRA_CATEGORY	Shooter - Multidirectional
Vigilante (World, Rev E).mra	vigilant	PLATAFORMA		HEURISTIC	
Vimana (Japan).mra	vimanaj	SHOOT EM UP	VERTICAL	HEURISTIC	
Vindicators Part II (rev 3).mra	vindctr2	SHOOT EM UP	MULTIDIRECIONAL	MRA_CATEGORY	Shooter - Multidirectional
Vindicators.mra	vindictr	SHOOT EM UP	MULTIDIRECIONAL	CURATED_V1	
Virtua Fighter [Patreon].mra	vf	LUTA	VERSUS	HEURISTIC	
Virtua Fighter Kids (JUET 960319 V0.000).mra	vfkids	LUTA	VERSUS	HEURISTIC	
Virtua Fighter Remix (JUETBKAL 950428 V1.000).mra	vfremix	LUTA	VERSUS	HEURISTIC	
Virtua Racing [Patreon].mra	vr	CORRIDA		CURATED_V3	Racing
Virtual Mahjong 2 - My Fair Lady (J 980608 V1.000).mra	myfairld	MESA - CARTAS	MAHJONG	HEURISTIC	
Vivid Dolls.mra	vivdolls	PUZZLE		MRA_CATEGORY	Puzzle
Volfied (World, rev 1 bazset).mra	volfied	PUZZLE		CURATED_V1	
Volfied (World, rev 1).mra	volfied	PUZZLE		CURATED_V1	
Vortex.mra	vortex	SHOOT EM UP	MULTIDIRECIONAL	MRA_CATEGORY	Shooter - Multidirectional
Vulcan Venture (new).mra	vulcan	SHOOT EM UP	HORIZONTAL	CURATED_V1	
Vulgus (set 1).mra	vulgus	SHOOT EM UP	VERTICAL	CURATED_V2	
Wacko.mra	wacko	SHOOT EM UP	MULTIDIRECIONAL	MRA_CATEGORY	Shooter - Multidirectional
Wally wo Sagase! (rev B, Japan, 2 players) (FD1094 317-0197B).mra	wwallyj	PUZZLE		CURATED_V1	
War Gods (HD 10-09-1996 - Dual Resolution) [Patreon].mra	wargods	LUTA	VERSUS	CURATED_V1	
War of the Bugs.mra	warofbug	TIRO	LIGHT GUN	MRA_CATEGORY	Shooter - Gallery
Wardner (World).mra	wardner	PLATAFORMA		HEURISTIC	
Warrior Blade (Japan).mra	warriorb	PLATAFORMA		MRA_CATEGORY	Platform / Fight
Warriors of Fate (World 921031).mra	wof	BEAT EM UP		HEURISTIC	
Water Match (315-5064).mra	wmatch	ESPORTES		MRA_CATEGORY	Sports
Water Ski.mra	waterski	CORRIDA		MRA_CATEGORY	Racing
Western Express (Japan, rev 4).mra	wexpress	BEAT EM UP		MRA_CATEGORY	Platform / Fighter Scrolling
Wild Fang - Tecmo Knight (World).mra	wildfang	BEAT EM UP		CURATED_V1	
Wild West C.O.W.-Boys of Moo Mesa (ver EAB).mra	moomesa	RUN AND GUN		CURATED_V1	
Wild Western.mra	wwestern	SHOOT EM UP		MRA_CATEGORY	Shooter
Willow (World).mra	willow	PLATAFORMA		HEURISTIC	
Winter Heat (JUET 971012 V1.000).mra	winterht	ESPORTES		CURATED_V1	
Wizard Fire (World, v2.1).mra	wizdfire	BEAT EM UP		MRA_CATEGORY	Hack & Slash
Wizard of Wor.mra	wow	SHOOT EM UP	MULTIDIRECIONAL	MRA_CATEGORY	Shooter - Multidirectional
Wonder Boy (Set 1, 315-5177).mra	wboy	PLATAFORMA		MRA_CATEGORY	Platform
Wonder Boy III - Monster Lair (set 6, World, System 16B) (8751 317-0098).mra	wb3	PLATAFORMA		HEURISTIC	
Wonder Momo.mra	wndrmomo	PLATAFORMA		HEURISTIC	
Wonder Planet (Japan).mra	wndrplnt	SHOOT EM UP	VERTICAL	CURATED_V1	
Woodpecker (Set 1).mra	woodpeck	PLATAFORMA		MRA_CATEGORY	Platform - Climb
World Rally 2 (Gaelco, 1995, V.010).mra	wrally2	CORRIDA		HEURISTIC	
Wrestle War (set 3, World) (8751 317-0103).mra	wrestwar	ESPORTES	LUTA LIVRE	HEURISTIC	
WWF Superstars (Europe).mra	wwfsstar	ESPORTES	LUTA LIVRE	HEURISTIC	
WWF WrestleMania (rev 1.30 08-10-95).mra	wwfmania	ESPORTES	LUTA LIVRE	HEURISTIC	
X Multiply (Japan, M72 hardware).mra	xmultiplm72	SHOOT EM UP		MRA_CATEGORY	Shooter
X-Men (4 Players ver EBA).mra	xmen	BEAT EM UP		CURATED_V1	
X-Men Children of the Atom (Europe 950331).mra	xmcota	LUTA	VERSUS	HEURISTIC	
X-Men Vs. Street Fighter (Europe 961004).mra	xmvsf	LUTA	VERSUS	HEURISTIC	
Xain'd Sleena (bootleg, bugfixed).mra	xsleenaba	RUN AND GUN		MRA_CATEGORY	Platform / Shooter Scrolling
Xevious.mra	xevious	SHOOT EM UP	VERTICAL	MRA_CATEGORY	Shooter - Vertical
Xiyou Shi E Zhuan Super (ver. 103, China, Tencent) (unprotected).mra	olds103t	BEAT EM UP		HEURISTIC	
Xybots.mra	xybots	SHOOT EM UP	MULTIDIRECIONAL	CURATED_V1	
Y-Unit Test ROM.mra	yunittst	MULTIJOGOS - MINIGAMES		HEURISTIC	
Yie Ar Kung-Fu (version I).mra	yiear	LUTA	VERSUS	CURATED_V1	
Youjyuden (JP).mra	youjyudn	SHOOT EM UP	VERTICAL	MRA_CATEGORY	Shooter - Vertical
Zaxxon (Set 1, Rev D).mra	zaxxon	SHOOT EM UP	ISOMETRICO	MRA_CATEGORY	Shooter - Isometric
Zektor (revision B).mra	zektor	SHOOT EM UP		MRA_CATEGORY	Shooter
Zen Nippon Pro-Wrestling Featuring Virtua (J 971123 V1.000).mra	znpwfv	ESPORTES	LUTA LIVRE	HEURISTIC	
Zero Wing (2P Set).mra	zerowing	SHOOT EM UP		MRA_CATEGORY	Shoot'em up
Zeroize (DECO).mra	czeroize	SHOOT EM UP		MRA_CATEGORY	Shooter
Zig Zag (Dig Dug Conversion) [bl].mra	zigzagb	LABIRINTO		MRA_CATEGORY	Maze
Zoo Keeper.mra	zookeep	PLATAFORMA		CURATED_V1	Arcade
Zzyzzyxx (set 1).mra	zzyzzyxx	PLATAFORMA		MRA_CATEGORY	Platform
