path	family	filename	name	setname	rbf	categoria	dest_filename	motivo
_Arkanoid/Arkanoid (Tayto bootleg, harder).mra	_Arkanoid	Arkanoid (Tayto bootleg, harder).mra	Arkanoid	arktayt2	arkanoid	_1 GAMEPLAY DIFERENTE	Arkanoid (Tayto bootleg, harder).mra	O nome do MRA explicita alteração de gameplay, dificuldade, velocidade ou conteúdo.
_Arkanoid/Arkanoid (Unl. Lives, slower) [hb].mra	_Arkanoid	Arkanoid (Unl. Lives, slower) [hb].mra	Arkanoid	arkanoid	arkanoid	_3 HACKS - HOMEBREWS	Arkanoid (Unl. Lives, slower) [hb].mra	Hack/modificação explicitamente identificada; classificada pela natureza da variante.
_Battle Bakraid/Battle Bakraid - Unlimited Version (USA) (Tue Jun 8 1999).mra	_Battle Bakraid	Battle Bakraid - Unlimited Version (USA) (Tue Jun 8 1999).mra	Battle Bakraid - Unlimited Version (USA) (Tue Jun 8 1999)	bbakraid	bbakraid_mister	_1 GAMEPLAY DIFERENTE	Battle Bakraid - Unlimited Version (USA) (Tue Jun 8 1999).mra	O nome do MRA explicita alteração de gameplay, dificuldade, velocidade ou conteúdo.
_Blasteroids/Blasteroids (with heads).mra	_Blasteroids	Blasteroids (with heads).mra	Blasteroids (with heads)	blstroidh	Blasteroids	_1 GAMEPLAY DIFERENTE	Blasteroids (with heads).mra	O nome do MRA explicita alteração de gameplay, dificuldade, velocidade ou conteúdo.
_Burning Rubber/Bump 'n' Jump Reverse Mod - HBMame.mra	_Burning Rubber	Bump 'n' Jump Reverse Mod - HBMame.mra	Bump 'n' Jump	bnjr	burningrubber	_3 HACKS - HOMEBREWS	Bump 'n' Jump Reverse Mod - HBMame.mra	Hack/modificação explicitamente identificada; classificada pela natureza da variante.
_Crazy Climber 2/Crazy Climber 2 (Japan, Harder).mra	_Crazy Climber 2	Crazy Climber 2 (Japan, Harder).mra	Crazy Climber 2 (Japan, Harder)	cclimbr2a	armedf	_1 GAMEPLAY DIFERENTE	Crazy Climber 2 (Japan, Harder).mra	O nome do MRA explicita alteração de gameplay, dificuldade, velocidade ou conteúdo.
_Crazy Kong Part II/Crazy Kong Part II (alternative levels).mra	_Crazy Kong Part II	Crazy Kong Part II (alternative levels).mra	Crazy Kong Part II (alternative levels)	ckongpt2b	crazykong	_1 GAMEPLAY DIFERENTE	Crazy Kong Part II (alternative levels).mra	O nome do MRA explicita alteração de gameplay, dificuldade, velocidade ou conteúdo.
_Darius/Darius Extra Version (Japan).mra	_Darius	Darius Extra Version (Japan).mra	Darius Extra Version (Japan)	dariuse	Darius	_1 GAMEPLAY DIFERENTE	Darius Extra Version (Japan).mra	O nome do MRA explicita alteração de gameplay, dificuldade, velocidade ou conteúdo.
_DoDonPachi/DoDonPachi (2012-02-12 Arrange Ver. 1.1) (hack).mra	_DoDonPachi	DoDonPachi (2012-02-12 Arrange Ver. 1.1) (hack).mra	DoDonPachi (2012/02/12 Arrange Ver. 1.1) (hack)	ddonpacha	cave	_3 HACKS - HOMEBREWS	DoDonPachi (2012-02-12 Arrange Ver. 1.1) (hack).mra	Hack/modificação explicitamente identificada; classificada pela natureza da variante.
_Donkey Kong/Donkey Kong Freerun Edition - HBMame.mra	_Donkey Kong	Donkey Kong Freerun Edition - HBMame.mra	Donkey Kong Freerun Edition	dkfreerun	donkeykong	_3 HACKS - HOMEBREWS	Donkey Kong Freerun Edition - HBMame.mra	Hack/modificação explicitamente identificada; classificada pela natureza da variante.
_Donkey Kong/Donkey Kong Remix demo 1.8 - HBMame.mra	_Donkey Kong	Donkey Kong Remix demo 1.8 - HBMame.mra	Donkey Kong	dkrdemo	donkeykong	_3 HACKS - HOMEBREWS	Donkey Kong Remix demo 1.8 - HBMame.mra	Hack/modificação explicitamente identificada; classificada pela natureza da variante.
_Fire Shark/Fire Shark (Korea, Set 1, Easier).mra	_Fire Shark	Fire Shark (Korea, Set 1, Easier).mra	Fire Shark (Korea, Set 1, Easier)	fireshrkd	vimana	_1 GAMEPLAY DIFERENTE	Fire Shark (Korea, Set 1, Easier).mra	O nome do MRA explicita alteração de gameplay, dificuldade, velocidade ou conteúdo.
_Fire Shark/Fire Shark (Korea, Set 2, Harder).mra	_Fire Shark	Fire Shark (Korea, Set 2, Harder).mra	Fire Shark (Korea, Set 2, Harder)	fireshrkdh	vimana	_1 GAMEPLAY DIFERENTE	Fire Shark (Korea, Set 2, Harder).mra	O nome do MRA explicita alteração de gameplay, dificuldade, velocidade ou conteúdo.
_Galaga/Galapede (Fast Shoot) - HBMame.mra	_Galaga	Galapede (Fast Shoot) - HBMame.mra	Galapede 	galaped 	galaga 	_1 GAMEPLAY DIFERENTE	Galapede (Fast Shoot) - HBMame.mra	Variante Fast Shoot explicitamente identificada.
_Ghosts'n Goblins/Ghosts'n Goblins (Italian bootleg, harder).mra	_Ghosts'n Goblins	Ghosts'n Goblins (Italian bootleg, harder).mra	Ghosts&apos;n Goblins (Italian bootleg, harder)	gngblita	jtgng	_1 GAMEPLAY DIFERENTE	Ghosts'n Goblins (Italian bootleg, harder).mra	O nome do MRA explicita alteração de gameplay, dificuldade, velocidade ou conteúdo.
_Ketsui - Kizuna Jigoku Tachi/Ketsui - Kizuna Jigoku Tachi (2012.04.17 ARRANGE VER) (hack).mra	_Ketsui - Kizuna Jigoku Tachi	Ketsui - Kizuna Jigoku Tachi (2012.04.17 ARRANGE VER) (hack).mra	Ketsui - Kizuna Jigoku Tachi (2012.04.17 ARRANGE VER) (hack)	ketarr10	IGSPGM	_1 GAMEPLAY DIFERENTE	Ketsui - Kizuna Jigoku Tachi (2012.04.17 ARRANGE VER) (hack).mra	O nome do MRA explicita alteração de gameplay, dificuldade, velocidade ou conteúdo.
_Ketsui - Kizuna Jigoku Tachi/Ketsui - Kizuna Jigoku Tachi (2012.06.26 ARRANGE 1.5 VER) (hack).mra	_Ketsui - Kizuna Jigoku Tachi	Ketsui - Kizuna Jigoku Tachi (2012.06.26 ARRANGE 1.5 VER) (hack).mra	Ketsui - Kizuna Jigoku Tachi (2012.06.26 ARRANGE 1.5 VER) (hack)	ketarr15	IGSPGM	_1 GAMEPLAY DIFERENTE	Ketsui - Kizuna Jigoku Tachi (2012.06.26 ARRANGE 1.5 VER) (hack).mra	O nome do MRA explicita alteração de gameplay, dificuldade, velocidade ou conteúdo.
_Ketsui - Kizuna Jigoku Tachi/Ketsui - Kizuna Jigoku Tachi (2012.06.26 ARRANGE 1.51 VER) (hack).mra	_Ketsui - Kizuna Jigoku Tachi	Ketsui - Kizuna Jigoku Tachi (2012.06.26 ARRANGE 1.51 VER) (hack).mra	Ketsui - Kizuna Jigoku Tachi (2012.06.26 ARRANGE 1.51 VER) (hack)	ketarr151	IGSPGM	_1 GAMEPLAY DIFERENTE	Ketsui - Kizuna Jigoku Tachi (2012.06.26 ARRANGE 1.51 VER) (hack).mra	O nome do MRA explicita alteração de gameplay, dificuldade, velocidade ou conteúdo.
_Ketsui - Kizuna Jigoku Tachi/Ketsui - Kizuna Jigoku Tachi (2014.07.16 ARRANGE 1.7 VER) (hack).mra	_Ketsui - Kizuna Jigoku Tachi	Ketsui - Kizuna Jigoku Tachi (2014.07.16 ARRANGE 1.7 VER) (hack).mra	Ketsui - Kizuna Jigoku Tachi (2014.07.16 ARRANGE 1.7 VER) (hack)	ketarr	IGSPGM	_1 GAMEPLAY DIFERENTE	Ketsui - Kizuna Jigoku Tachi (2014.07.16 ARRANGE 1.7 VER) (hack).mra	O nome do MRA explicita alteração de gameplay, dificuldade, velocidade ou conteúdo.
_Ms. Pac-Man/Ms. Pac-Man (speedup hack).mra	_Ms. Pac-Man	Ms. Pac-Man (speedup hack).mra	Ms. Pac-Man	mspacmnf	pacman	_1 GAMEPLAY DIFERENTE	Ms. Pac-Man (speedup hack).mra	O nome do MRA explicita alteração de gameplay, dificuldade, velocidade ou conteúdo.
_Out Zone/Out Zone (Harder).mra	_Out Zone	Out Zone (Harder).mra	Out Zone (Harder)	outzoneh	zerowing_20240404	_1 GAMEPLAY DIFERENTE	Out Zone (Harder).mra	O nome do MRA explicita alteração de gameplay, dificuldade, velocidade ou conteúdo.
_Pac-Man/Jr. Pac-Man (Speedup Hack).mra	_Pac-Man	Jr. Pac-Man (Speedup Hack).mra	Jr. Pac-Man (Speedup Hack)	jrpacmanf	pacman	_1 GAMEPLAY DIFERENTE	Jr. Pac-Man (Speedup Hack).mra	O nome do MRA explicita alteração de gameplay, dificuldade, velocidade ou conteúdo.
_Pac-Man/Pac-Man (Midway, harder).mra	_Pac-Man	Pac-Man (Midway, harder).mra	Pac-Man	pacmod	pacman	_1 GAMEPLAY DIFERENTE	Pac-Man (Midway, harder).mra	O nome do MRA explicita alteração de gameplay, dificuldade, velocidade ou conteúdo.
_Pac-Man/Pac-Man (Midway, speedup hack).mra	_Pac-Man	Pac-Man (Midway, speedup hack).mra	Pac-Man	pacmanf	pacman	_1 GAMEPLAY DIFERENTE	Pac-Man (Midway, speedup hack).mra	O nome do MRA explicita alteração de gameplay, dificuldade, velocidade ou conteúdo.
_Pac-Man/Pacman (Original Inviso) - HBMame.mra	_Pac-Man	Pacman (Original Inviso) - HBMame.mra	Pac-Man	pacinvis	pacman	_1 GAMEPLAY DIFERENTE	Pacman (Original Inviso) - HBMame.mra	O nome do MRA explicita alteração de gameplay, dificuldade, velocidade ou conteúdo.
_Pac-Man/Pacman (Shuffle) - HBMame.mra	_Pac-Man	Pacman (Shuffle) - HBMame.mra	Pac-Man	pacshuf	pacman	_1 GAMEPLAY DIFERENTE	Pacman (Shuffle) - HBMame.mra	O nome do MRA explicita alteração de gameplay, dificuldade, velocidade ou conteúdo.
_Pac-Man/Puckman Opposite - HBMame.mra	_Pac-Man	Puckman Opposite - HBMame.mra	Puck Man Opposite	puckmano	pacman	_1 GAMEPLAY DIFERENTE	Puckman Opposite - HBMame.mra	O nome do MRA explicita alteração de gameplay, dificuldade, velocidade ou conteúdo.
_Pole Position/Speed Up (Spanish bootleg).mra	_Pole Position	Speed Up (Spanish bootleg).mra	Speed Up (Spanish bootleg)	ppspeed	PolePosition	_1 GAMEPLAY DIFERENTE	Speed Up (Spanish bootleg).mra	O nome do MRA explicita alteração de gameplay, dificuldade, velocidade ou conteúdo.
_Ponpoko/Candory (Ponpoko bootleg with Mario).mra	_Ponpoko	Candory (Ponpoko bootleg with Mario).mra	Candory	candory	pacman	_1 GAMEPLAY DIFERENTE	Candory (Ponpoko bootleg with Mario).mra	O nome do MRA explicita alteração de gameplay, dificuldade, velocidade ou conteúdo.
_Quester/Quester Special Edition (Japan).mra	_Quester	Quester Special Edition (Japan).mra	Quester Special Edition (Japan)	questers	jtshouse	_1 GAMEPLAY DIFERENTE	Quester Special Edition (Japan).mra	O nome do MRA explicita alteração de gameplay, dificuldade, velocidade ou conteúdo.
_Raiden II/Raiden II (easier, Japan).mra	_Raiden II	Raiden II (easier, Japan).mra	Raiden II (easier, Japan)	raiden2ea	Raiden2	_1 GAMEPLAY DIFERENTE	Raiden II (easier, Japan).mra	O nome do MRA explicita alteração de gameplay, dificuldade, velocidade ou conteúdo.
_Raiden II/Raiden II (harder, Korea).mra	_Raiden II	Raiden II (harder, Korea).mra	Raiden II (harder, Korea)	raiden2k	Raiden2	_1 GAMEPLAY DIFERENTE	Raiden II (harder, Korea).mra	O nome do MRA explicita alteração de gameplay, dificuldade, velocidade ou conteúdo.
_Raiden II/Raiden II (harder, Raiden DX hardware, Korea).mra	_Raiden II	Raiden II (harder, Raiden DX hardware, Korea).mra	Raiden II (harder, Raiden DX hardware, Korea)	raiden2dx	Raiden2	_1 GAMEPLAY DIFERENTE	Raiden II (harder, Raiden DX hardware, Korea).mra	O nome do MRA explicita alteração de gameplay, dificuldade, velocidade ou conteúdo.
_Asura Buster - Eternal Warriors/Asura Buster - Eternal Warriors (Japan) (ARCADIA review build).mra	_Asura Buster - Eternal Warriors	Asura Buster - Eternal Warriors (Japan) (ARCADIA review build).mra	Asura Buster - Eternal Warriors (Japan) (ARCADIA review build)	asurabusjr	Fuuki	_2 PROTOTIPOS - LOCATION TESTS	Asura Buster - Eternal Warriors (Japan) (ARCADIA review build).mra	Protótipo, location test ou build de avaliação explicitamente identificado no MRA.
_Battle Garegga/Battle Garegga (location test) (Wed Jan 17 1996).mra	_Battle Garegga	Battle Garegga (location test) (Wed Jan 17 1996).mra	Battle Garegga (Location Test) (Wed Jan 17 1996)	bgareggat	bgaregga_mister	_2 PROTOTIPOS - LOCATION TESTS	Battle Garegga (location test) (Wed Jan 17 1996).mra	Protótipo, location test ou build de avaliação explicitamente identificado no MRA.
_Bonze Adventure/Bonze Adventure (World, prototype, newer).mra	_Bonze Adventure	Bonze Adventure (World, prototype, newer).mra	Bonze Adventure (World, prototype, newer)	bonzeadvp	TaitoAsuka	_2 PROTOTIPOS - LOCATION TESTS	Bonze Adventure (World, prototype, newer).mra	Protótipo, location test ou build de avaliação explicitamente identificado no MRA.
_Bonze Adventure/Bonze Adventure (World, prototype, older).mra	_Bonze Adventure	Bonze Adventure (World, prototype, older).mra	Bonze Adventure (World, prototype, older)	bonzeadvp2	TaitoAsuka	_2 PROTOTIPOS - LOCATION TESTS	Bonze Adventure (World, prototype, older).mra	Protótipo, location test ou build de avaliação explicitamente identificado no MRA.
_Bubble Bobble/Bubble Bobble (prototype on Tokio hardware).mra	_Bubble Bobble	Bubble Bobble (prototype on Tokio hardware).mra	Bubble Bobble (prototype on Tokio hardware)	bublboblp	jtbubl	_2 PROTOTIPOS - LOCATION TESTS	Bubble Bobble (prototype on Tokio hardware).mra	Protótipo, location test ou build de avaliação explicitamente identificado no MRA.
_Bubbles/Bubbles (prototype version).mra	_Bubbles	Bubbles (prototype version).mra	Bubbles	bubblesp	robotron	_2 PROTOTIPOS - LOCATION TESTS	Bubbles (prototype version).mra	Protótipo, location test ou build de avaliação explicitamente identificado no MRA.
_Cadash/Cadash (Prototype).mra	_Cadash	Cadash (Prototype).mra	Cadash (Prototype)	cadashp	TaitoAsuka	_2 PROTOTIPOS - LOCATION TESTS	Cadash (Prototype).mra	Protótipo, location test ou build de avaliação explicitamente identificado no MRA.
_Double Dribble/Double Dribble (prototypex).mra	_Double Dribble	Double Dribble (prototypex).mra	Double Dribble (prototype?)	ddribblep	jtddrbl	_2 PROTOTIPOS - LOCATION TESTS	Double Dribble (prototypex).mra	Protótipo, location test ou build de avaliação explicitamente identificado no MRA.
_E.D.F. - Earth Defense Force/E.D.F. -  Earth Defense Force (Japan, Prototype).mra	_E.D.F. - Earth Defense Force	E.D.F. -  Earth Defense Force (Japan, Prototype).mra	E.D.F. : Earth Defense Force (Japan, Prototype)	edfp	megasys1_a	_2 PROTOTIPOS - LOCATION TESTS	E.D.F. -  Earth Defense Force (Japan, Prototype).mra	Protótipo, location test ou build de avaliação explicitamente identificado no MRA.
_Eliminator/Eliminator (4 Players, prototype).mra	_Eliminator	Eliminator (4 Players, prototype).mra	Eliminator (4 Players, prototype)	elim4p	SegaG80V	_2 PROTOTIPOS - LOCATION TESTS	Eliminator (4 Players, prototype).mra	Protótipo, location test ou build de avaliação explicitamente identificado no MRA.
_Fantasy Zone/Fantasy Zone (Prototype, S16A) [No Protection].mra	_Fantasy Zone	Fantasy Zone (Prototype, S16A) [No Protection].mra	Fantasy Zone (Prototype, S16A) [No Protection]	fantzonepr	jts16	_2 PROTOTIPOS - LOCATION TESTS	Fantasy Zone (Prototype, S16A) [No Protection].mra	Protótipo, location test ou build de avaliação explicitamente identificado no MRA.
_Fantasy Zone II/Fantasy Zone II - The Tears of Opa-Opa (System 16C version, prototype).mra	_Fantasy Zone II	Fantasy Zone II - The Tears of Opa-Opa (System 16C version, prototype).mra	Fantasy Zone II - The Tears of Opa-Opa (System 16C version, prototype)	fantzn2xp	jts16b	_2 PROTOTIPOS - LOCATION TESTS	Fantasy Zone II - The Tears of Opa-Opa (System 16C version, prototype).mra	Protótipo, location test ou build de avaliação explicitamente identificado no MRA.
_Forgotten Worlds/Forgotten Worlds (Japan) (English prototype).mra	_Forgotten Worlds	Forgotten Worlds (Japan) (English prototype).mra	Forgotten Worlds (Japan) (English prototype)	forgottnj	jtcps1	_2 PROTOTIPOS - LOCATION TESTS	Forgotten Worlds (Japan) (English prototype).mra	Protótipo, location test ou build de avaliação explicitamente identificado no MRA.
_G.I. Joe/G.I. Joe (World, EB8, prototype).mra	_G.I. Joe	G.I. Joe (World, EB8, prototype).mra	G.I. Joe (World, EB8, prototype?)	gijoeea	gijoe_mister	_2 PROTOTIPOS - LOCATION TESTS	G.I. Joe (World, EB8, prototype).mra	Protótipo, location test ou build de avaliação explicitamente identificado no MRA.
_Ghosts'n Goblins/Ghosts'n Goblins (prototype).mra	_Ghosts'n Goblins	Ghosts'n Goblins (prototype).mra	Ghosts&apos;n Goblins (prototype)	gngprot	jtgng	_2 PROTOTIPOS - LOCATION TESTS	Ghosts'n Goblins (prototype).mra	Protótipo, location test ou build de avaliação explicitamente identificado no MRA.
_Gravitar/Lunar Battle (Prototype).mra	_Gravitar	Lunar Battle (Prototype).mra	Lunar Battle	lunarbat	blackwidow	_2 PROTOTIPOS - LOCATION TESTS	Lunar Battle (Prototype).mra	Protótipo, location test ou build de avaliação explicitamente identificado no MRA.
_Growl/Growl (World, prototype).mra	_Growl	Growl (World, prototype).mra	Growl (World, prototype)	growlp	TaitoF2	_2 PROTOTIPOS - LOCATION TESTS	Growl (World, prototype).mra	Protótipo, location test ou build de avaliação explicitamente identificado no MRA.
_Marvel Land/Marvel Land (US, prototype).mra	_Marvel Land	Marvel Land (US, prototype).mra	Marvel Land (US, prototype)	marvlandup	NamcoS2_STD	_2 PROTOTIPOS - LOCATION TESTS	Marvel Land (US, prototype).mra	Protótipo, location test ou build de avaliação explicitamente identificado no MRA.
_Mystic Marathon/Mystic Marathon (prototype).mra	_Mystic Marathon	Mystic Marathon (prototype).mra	Mystic Marathon (prototype)	mysticm	MysticMarathon	_2 PROTOTIPOS - LOCATION TESTS	Mystic Marathon (prototype) [mysticm].mra	Protótipo, location test ou build de avaliação explicitamente identificado no MRA.
_Operation Wolf/Operation Wolf (Japan, prototype).mra	_Operation Wolf	Operation Wolf (Japan, prototype).mra	Operation Wolf (Japan, prototype)	opwolfp	jtrastan	_2 PROTOTIPOS - LOCATION TESTS	Operation Wolf (Japan, prototype).mra	Protótipo, location test ou build de avaliação explicitamente identificado no MRA.
_Paperboy/Paperboy (prototype).mra	_Paperboy	Paperboy (prototype).mra	Paperboy (prototype)	paperboyp	atarisys2	_2 PROTOTIPOS - LOCATION TESTS	Paperboy (prototype).mra	Protótipo, location test ou build de avaliação explicitamente identificado no MRA.
_Passing Shot/Center Court (World, 4 Players, prototype) (MC-8123B).mra	_Passing Shot	Center Court (World, 4 Players, prototype) (MC-8123B).mra	Center Court (World, 4 Players, prototype) (MC-8123B)	cencourt	jts16b	_2 PROTOTIPOS - LOCATION TESTS	Center Court (World, 4 Players, prototype) (MC-8123B).mra	Protótipo, location test ou build de avaliação explicitamente identificado no MRA.
_Q'bert/Q'bert (early test version).mra	_Q'bert	Q'bert (early test version).mra	Q*bert	qberttst	qbert	_2 PROTOTIPOS - LOCATION TESTS	Q'bert (early test version).mra	Protótipo, location test ou build de avaliação explicitamente identificado no MRA.
_R-Type/R-Type (Japan prototype).mra	_R-Type	R-Type (Japan prototype).mra	R-Type (Japan prototype)	rtypejp	IremM72	_2 PROTOTIPOS - LOCATION TESTS	R-Type (Japan prototype).mra	Protótipo, location test ou build de avaliação explicitamente identificado no MRA.
_Raiden II/Raiden II (easier, US, prototype 11-16).mra	_Raiden II	Raiden II (easier, US, prototype 11-16).mra	Raiden II (easier, US, prototype? 11-16)	raiden2eup	Raiden2	_2 PROTOTIPOS - LOCATION TESTS	Raiden II (easier, US, prototype 11-16).mra	Protótipo, location test ou build de avaliação explicitamente identificado no MRA.
_Rod-Land/R&T (Rod-Land Prototype).mra	_Rod-Land	R&T (Rod-Land Prototype).mra	R&amp;T (Rod-Land Prototype)	rittam	megasys1_a	_2 PROTOTIPOS - LOCATION TESTS	R&T (Rod-Land Prototype).mra	Protótipo, location test ou build de avaliação explicitamente identificado no MRA.
_Run and Gun/Run and Gun (ver EAA 1993 9.10, prototypex).mra	_Run and Gun	Run and Gun (ver EAA 1993 9.10, prototypex).mra	Run and Gun (ver EAA 1993 9.10, prototype?)	rungunb	jtrungun	_2 PROTOTIPOS - LOCATION TESTS	Run and Gun (ver EAA 1993 9.10, prototypex).mra	Protótipo, location test ou build de avaliação explicitamente identificado no MRA.
_Sinistar/Sinistar (AMOA-82 prototype).mra	_Sinistar	Sinistar (AMOA-82 prototype).mra	Sinistar	sinistarp	robotron	_2 PROTOTIPOS - LOCATION TESTS	Sinistar (AMOA-82 prototype).mra	Protótipo, location test ou build de avaliação explicitamente identificado no MRA.
_Super Breakout/Super Breakout (Cocktail, prototype).mra	_Super Breakout	Super Breakout (Cocktail, prototype).mra	Super Breakout	sbrkoutct	superbreakout	_2 PROTOTIPOS - LOCATION TESTS	Super Breakout (Cocktail, prototype).mra	Protótipo, location test ou build de avaliação explicitamente identificado no MRA.
_The NewZealand Story/The NewZealand Story (World, prototype) (P0-041-1 PCB).mra	_The NewZealand Story	The NewZealand Story (World, prototype) (P0-041-1 PCB).mra	The NewZealand Story (World, prototype) (P0-041-1 PCB)	tnzsop	jtkiwi	_2 PROTOTIPOS - LOCATION TESTS	The NewZealand Story (World, prototype) (P0-041-1 PCB).mra	Protótipo, location test ou build de avaliação explicitamente identificado no MRA.
_U.N. Defense Force - Earth Joker/U.N. Defense Force - Earth Joker (Japan, prototype).mra	_U.N. Defense Force - Earth Joker	U.N. Defense Force - Earth Joker (Japan, prototype).mra	U.N. Defense Force: Earth Joker (Japan, prototype)	earthjkrp	TaitoAsuka	_2 PROTOTIPOS - LOCATION TESTS	U.N. Defense Force - Earth Joker (Japan, prototype).mra	Protótipo, location test ou build de avaliação explicitamente identificado no MRA.
Dogyuun (10-9-1992 location test).mra	__ROOT__	Dogyuun (10-9-1992 location test).mra	Dogyuun (10/9/1992 location test)	dogyuunt	Dogyuun	_2 PROTOTIPOS - LOCATION TESTS	Dogyuun (10-9-1992 location test).mra	Protótipo, location test ou build de avaliação explicitamente identificado no MRA.
Mystic Marathon (prototype).mra	__ROOT__	Mystic Marathon (prototype).mra	Mystic Marathon (prototype)	mysticmp	MysticMarathon	_2 PROTOTIPOS - LOCATION TESTS	Mystic Marathon (prototype) [mysticmp].mra	Protótipo, location test ou build de avaliação explicitamente identificado no MRA.
_Asteroids/Asteroids (Six-Bullet Hack) - HBMame.mra	_Asteroids	Asteroids (Six-Bullet Hack) - HBMame.mra	Asteroids 	asteroid6 	asteroids 	_3 HACKS - HOMEBREWS	Asteroids (Six-Bullet Hack) - HBMame.mra	Hack explicitamente identificado, com modificação própria.
_Asteroids/Starslayer (hack of Asteroids (rev 2)) - HBMame.mra	_Asteroids	Starslayer (hack of Asteroids (rev 2)) - HBMame.mra	Starslayer 	starslayer 	asteroids 	_3 HACKS - HOMEBREWS	Starslayer (hack of Asteroids (rev 2)) - HBMame.mra	Hack nomeado e explicitamente derivado de Asteroids.
_Bagman/Bagman Turbo (Stern set 1) [c] - HBMame.mra	_Bagman	Bagman Turbo (Stern set 1) [c] - HBMame.mra	Bagman Turbo	bagturbo	bagman	_3 HACKS - HOMEBREWS	Bagman Turbo (Stern set 1) [c] - HBMame.mra	Hack/homebrew com transformação identificável pelo nome do MRA.
_Centipede/Astropede - HBMame.mra	_Centipede	Astropede - HBMame.mra	Astropede	astroped	centipede	_3 HACKS - HOMEBREWS	Astropede - HBMame.mra	Hack/homebrew com transformação identificável pelo nome do MRA.
_Centipede/Astropede II - HBMame.mra	_Centipede	Astropede II - HBMame.mra	Astropede II	astropd2	centipede	_3 HACKS - HOMEBREWS	Astropede II - HBMame.mra	Hack/homebrew com transformação identificável pelo nome do MRA.
_Centipede/Killipede - HBMame.mra	_Centipede	Killipede - HBMame.mra	Killipede	killiped	centipede	_3 HACKS - HOMEBREWS	Killipede - HBMame.mra	Hack/homebrew com transformação identificável pelo nome do MRA.
_Centipede/Pacipede - HBMame.mra	_Centipede	Pacipede - HBMame.mra	Pacipede	pacipede	centipede	_3 HACKS - HOMEBREWS	Pacipede - HBMame.mra	Hack/homebrew com transformação identificável pelo nome do MRA.
_Centipede/Vectipede - HBMame.mra	_Centipede	Vectipede - HBMame.mra	Vectipede	vectiped	centipede	_3 HACKS - HOMEBREWS	Vectipede - HBMame.mra	Hack/homebrew com transformação identificável pelo nome do MRA.
_Centipede/Vectorpede - HBMame.mra	_Centipede	Vectorpede - HBMame.mra	Vectorpede	vectrped	centipede	_3 HACKS - HOMEBREWS	Vectorpede - HBMame.mra	Hack/homebrew com transformação identificável pelo nome do MRA.
_Donkey Kong/Donkey Kong (2 marios) - HBMame.mra	_Donkey Kong	Donkey Kong (2 marios) - HBMame.mra	Donkey Kong	dkong2m	donkeykong	_3 HACKS - HOMEBREWS	Donkey Kong (2 marios) - HBMame.mra	Hack/homebrew com transformação identificável pelo nome do MRA.
_Donkey Kong/Donkey Kong (2600 graphics) - HBMame.mra	_Donkey Kong	Donkey Kong (2600 graphics) - HBMame.mra	Donkey Kong 	kong2600 	donkeykong 	_3 HACKS - HOMEBREWS	Donkey Kong (2600 graphics) - HBMame.mra	Conversão gráfica explicitamente identificada.
_Donkey Kong/Donkey Kong (Pacman graphics) - HBMame.mra	_Donkey Kong	Donkey Kong (Pacman graphics) - HBMame.mra	Donkey Kong	dkongpac	donkeykong	_3 HACKS - HOMEBREWS	Donkey Kong (Pacman graphics) - HBMame.mra	Hack/homebrew com transformação identificável pelo nome do MRA.
_Donkey Kong/Donkey Kong Foundry - HBMame.mra	_Donkey Kong	Donkey Kong Foundry - HBMame.mra	Donkey Kong Foundry	dkongex	donkeykong	_3 HACKS - HOMEBREWS	Donkey Kong Foundry - HBMame.mra	Hack/homebrew com transformação identificável pelo nome do MRA.
_Donkey Kong/Donkey Kong Reverse - HBMame.mra	_Donkey Kong	Donkey Kong Reverse - HBMame.mra	Donkey Kong Reverse 	dkongrev 	donkeykong 	_3 HACKS - HOMEBREWS	Donkey Kong Reverse - HBMame.mra	Hack Reverse explicitamente identificado.
_Galaga/Galaga (Midway set 1 with fast shoot hack).mra	_Galaga	Galaga (Midway set 1 with fast shoot hack).mra	Galaga	galagamf	galaga	_3 HACKS - HOMEBREWS	Galaga (Midway set 1 with fast shoot hack).mra	Hack/homebrew com transformação identificável pelo nome do MRA.
_Galaga/Vector Galaga Fast Shoot - HBMame.mra	_Galaga	Vector Galaga Fast Shoot - HBMame.mra	Vector Galaga	vgalagaf	galaga	_3 HACKS - HOMEBREWS	Vector Galaga Fast Shoot - HBMame.mra	Hack/homebrew com transformação identificável pelo nome do MRA.
_Ms. Pac-Man/Crazy Otto - The Original Ms Pacman - HBMame.mra	_Ms. Pac-Man	Crazy Otto - The Original Ms Pacman - HBMame.mra	Crazy Otto - The Original Ms Pacman - HBMame 	ottopza 	pacman 	_3 HACKS - HOMEBREWS	Crazy Otto - The Original Ms Pacman - HBMame.mra	Variante nomeada com identidade própria no catálogo HBMAME.
_Pac-Man/Dizzy Ghost - A Reversal of Roles - HBMame.mra	_Pac-Man	Dizzy Ghost - A Reversal of Roles - HBMame.mra	Dizzy Ghost- A Reversal of Roles	dizzy	pacman	_3 HACKS - HOMEBREWS	Dizzy Ghost - A Reversal of Roles - HBMame.mra	Hack/homebrew com transformação identificável pelo nome do MRA.
_Pac-Man/Mario Pacman - HBMame.mra	_Pac-Man	Mario Pacman - HBMame.mra	Mario Pac-Man	pacmar	pacman	_3 HACKS - HOMEBREWS	Mario Pacman - HBMame.mra	Hack/homebrew com transformação identificável pelo nome do MRA.
_Pac-Man/Pac 2600 - HBMame.mra	_Pac-Man	Pac 2600 - HBMame.mra	Pac 2600	pac2600	pacman	_3 HACKS - HOMEBREWS	Pac 2600 - HBMame.mra	Hack/homebrew com transformação identificável pelo nome do MRA.
_Pac-Man/Pacman 3D - HBMame.mra	_Pac-Man	Pacman 3D - HBMame.mra	Pac-Man 3D	pacman3d	pacman	_3 HACKS - HOMEBREWS	Pacman 3D - HBMame.mra	Hack/homebrew com transformação identificável pelo nome do MRA.
_Pac-Man/Pacu Pacu v1.1 - HBMame.mra	_Pac-Man	Pacu Pacu v1.1 - HBMame.mra	Pacu Pacu v1.1	pacupacu	pacman	_3 HACKS - HOMEBREWS	Pacu Pacu v1.1 - HBMame.mra	Hack/homebrew com transformação identificável pelo nome do MRA.
_Pac-Man/Vector Pacman - HBMame.mra	_Pac-Man	Vector Pacman - HBMame.mra	Vector Pac-Man	vecpac	pacman	_3 HACKS - HOMEBREWS	Vector Pacman - HBMame.mra	Hack/homebrew com transformação identificável pelo nome do MRA.
_Pac-Man/Vector Xens Revenge - HBMame.mra	_Pac-Man	Vector Xens Revenge - HBMame.mra	Vector Xens Revenge	vectxens	pacman	_3 HACKS - HOMEBREWS	Vector Xens Revenge - HBMame.mra	Hack/homebrew com transformação identificável pelo nome do MRA.
_Pac-Man/Xens Revenge - HBMame.mra	_Pac-Man	Xens Revenge - HBMame.mra	Xens Revenge	xensrev	pacman	_3 HACKS - HOMEBREWS	Xens Revenge - HBMame.mra	Hack/homebrew com transformação identificável pelo nome do MRA.
_Pac-Man/Xens Revenge After Dark - HBMame.mra	_Pac-Man	Xens Revenge After Dark - HBMame.mra	Xens Revenge After Dark	xensad	pacman	_3 HACKS - HOMEBREWS	Xens Revenge After Dark - HBMame.mra	Hack/homebrew com transformação identificável pelo nome do MRA.
_Pac-Man Plus/Vector Pacman Plus - HBMame.mra	_Pac-Man Plus	Vector Pacman Plus - HBMame.mra	Vector Pacman Plus - HBMame	vectplus	pacman	_3 HACKS - HOMEBREWS	Vector Pacman Plus - HBMame.mra	Hack/homebrew com transformação identificável pelo nome do MRA.
_Tapper/Tapper (Budweiser, 1-27-84 - Alternate graphics).mra	_Tapper	Tapper (Budweiser, 1-27-84 - Alternate graphics).mra	Tapper	tapperg	mcr3	_3 HACKS - HOMEBREWS	Tapper (Budweiser, 1-27-84 - Alternate graphics).mra	Hack/homebrew com transformação identificável pelo nome do MRA.
_Donkey Kong/Rainbow Donkey Kong - HBMame.mra	_Donkey Kong	Rainbow Donkey Kong - HBMame.mra	Rainbow Donkey Kong	dkrainbow	donkeykong	_4 BOOTLEGS INTERESSANTES	Rainbow Donkey Kong - HBMame.mra	Bootleg cujo próprio nome identifica alteração, conversão ou variante editorialmente distinta.
_Ms. Pac-Man/Ms. Pac-Man (bootleg on Crush Roller Hardware).mra	_Ms. Pac-Man	Ms. Pac-Man (bootleg on Crush Roller Hardware).mra	Ms. Pac-Man	mspacmancr	pacman	_4 BOOTLEGS INTERESSANTES	Ms. Pac-Man (bootleg on Crush Roller Hardware).mra	Bootleg cujo próprio nome identifica alteração, conversão ou variante editorialmente distinta.
_Street Fighter II The World Warrior/Street Fighter II The World Warrior (Quicken Pt-I, bootleg).mra	_Street Fighter II The World Warrior	Street Fighter II The World Warrior (Quicken Pt-I, bootleg).mra	Street Fighter II: The World Warrior (Quicken Pt-I, bootleg)	sf2qp1	jtcps1	_4 BOOTLEGS INTERESSANTES	Street Fighter II The World Warrior (Quicken Pt-I, bootleg).mra	Bootleg cujo próprio nome identifica alteração, conversão ou variante editorialmente distinta.
_Street Fighter II The World Warrior/Street Fighter II The World Warrior (Quicken, bootleg).mra	_Street Fighter II The World Warrior	Street Fighter II The World Warrior (Quicken, bootleg).mra	Street Fighter II: The World Warrior (Quicken, bootleg)	sf2qp2	jtcps1	_4 BOOTLEGS INTERESSANTES	Street Fighter II The World Warrior (Quicken, bootleg).mra	Bootleg cujo próprio nome identifica alteração, conversão ou variante editorialmente distinta.
_Street Fighter II' Champion Edition/Street Fighter II' Champion Edition (Accelerator Pt.II, bootleg).mra	_Street Fighter II' Champion Edition	Street Fighter II' Champion Edition (Accelerator Pt.II, bootleg).mra	Street Fighter II&apos;: Champion Edition (Accelerator Pt.II, bootleg)	sf2accp2	jtcps1	_4 BOOTLEGS INTERESSANTES	Street Fighter II' Champion Edition (Accelerator Pt.II, bootleg).mra	Bootleg cujo próprio nome identifica alteração, conversão ou variante editorialmente distinta.
_Street Fighter II' Champion Edition/Street Fighter II' Champion Edition (Accelerator!, bootleg, set 1).mra	_Street Fighter II' Champion Edition	Street Fighter II' Champion Edition (Accelerator!, bootleg, set 1).mra	Street Fighter II&apos;: Champion Edition (Accelerator!, bootleg, set 1)	sf2acc	jtcps1	_4 BOOTLEGS INTERESSANTES	Street Fighter II' Champion Edition (Accelerator!, bootleg, set 1).mra	Bootleg cujo próprio nome identifica alteração, conversão ou variante editorialmente distinta.
_Street Fighter II' Champion Edition/Street Fighter II' Champion Edition (Rainbow, bootleg, set 3).mra	_Street Fighter II' Champion Edition	Street Fighter II' Champion Edition (Rainbow, bootleg, set 3).mra	Street Fighter II&apos;: Champion Edition (Rainbow, bootleg, set 3)	sf2rb3	jtcps1	_4 BOOTLEGS INTERESSANTES	Street Fighter II' Champion Edition (Rainbow, bootleg, set 3).mra	Bootleg cujo próprio nome identifica alteração, conversão ou variante editorialmente distinta.
_Street Fighter II' Champion Edition/Street Fighter II' Champion Edition (Red Wave PtII, bootleg).mra	_Street Fighter II' Champion Edition	Street Fighter II' Champion Edition (Red Wave PtII, bootleg).mra	Street Fighter II&apos;: Champion Edition (Red Wave PtII, bootleg)	sf2redp2	jtcps1	_4 BOOTLEGS INTERESSANTES	Street Fighter II' Champion Edition (Red Wave PtII, bootleg).mra	Bootleg cujo próprio nome identifica alteração, conversão ou variante editorialmente distinta.
_Street Fighter II' Champion Edition/Street Fighter II' Champion Edition (Red Wave, bootleg, set 1).mra	_Street Fighter II' Champion Edition	Street Fighter II' Champion Edition (Red Wave, bootleg, set 1).mra	Street Fighter II&apos;: Champion Edition (Red Wave, bootleg, set 1)	sf2red	jtcps1	_4 BOOTLEGS INTERESSANTES	Street Fighter II' Champion Edition (Red Wave, bootleg, set 1).mra	Bootleg cujo próprio nome identifica alteração, conversão ou variante editorialmente distinta.
_Street Fighter II' Champion Edition/Street Fighter II' Champion Edition (V004, bootleg).mra	_Street Fighter II' Champion Edition	Street Fighter II' Champion Edition (V004, bootleg).mra	Street Fighter II&apos;: Champion Edition (V004, bootleg)	sf2v004	jtcps1	_4 BOOTLEGS INTERESSANTES	Street Fighter II' Champion Edition (V004, bootleg).mra	Bootleg cujo próprio nome identifica alteração, conversão ou variante editorialmente distinta.
_Street Fighter II' Champion Edition/Street Fighter II' Champion Edition (YYC, bootleg).mra	_Street Fighter II' Champion Edition	Street Fighter II' Champion Edition (YYC, bootleg).mra	Street Fighter II&apos;: Champion Edition (YYC, bootleg)	sf2yyc	jtcps1	_4 BOOTLEGS INTERESSANTES	Street Fighter II' Champion Edition (YYC, bootleg).mra	Bootleg cujo próprio nome identifica alteração, conversão ou variante editorialmente distinta.
_Super Space Invaders '91/Majestic Twelve - The Space Invaders Part IV (US, earlier code base).mra	_Super Space Invaders '91	Majestic Twelve - The Space Invaders Part IV (US, earlier code base).mra	Majestic Twelve - The Space Invaders Part IV (US, earlier code base)	majest12ub	TaitoF2	_6 REVISOES COM DIFERENCAS	Majestic Twelve - The Space Invaders Part IV (US, earlier code base).mra	Código anterior explicitamente identificado no MRA; revisão com diferença documentada no nome.
_Super Space Invaders '91/Super Space Invaders '91 (World, earlier code base).mra	_Super Space Invaders '91	Super Space Invaders '91 (World, earlier code base).mra	Super Space Invaders '91 (World, earlier code base)	ssib	TaitoF2	_6 REVISOES COM DIFERENCAS	Super Space Invaders '91 (World, earlier code base).mra	Código anterior explicitamente identificado no MRA; revisão com diferença documentada no nome.
_Zig Zag/Zig Zag (Dig Dug conversion on Galaxian hardware, bootleg set 2).mra	_Zig Zag	Zig Zag (Dig Dug conversion on Galaxian hardware, bootleg set 2).mra	Zig Zag	zigzagb2	zigzag	_4 BOOTLEGS INTERESSANTES	Zig Zag (Dig Dug conversion on Galaxian hardware, bootleg set 2).mra	Bootleg cujo próprio nome identifica alteração, conversão ou variante editorialmente distinta.
_Rastan/Rastan (World, earlier code base).mra	_Rastan	Rastan (World, earlier code base).mra	Rastan (World, earlier code base)	rastanb	jtrastan	_6 REVISOES COM DIFERENCAS	Rastan (World, earlier code base).mra	Código anterior explicitamente identificado no MRA; mantida uma versão representativa.
_Action Fighter/Action Fighter (World, S16A) [FD1089B 317-xxxx] [Analog Controls].mra	_Action Fighter	Action Fighter (World, S16A) [FD1089B 317-xxxx] [Analog Controls].mra	Action Fighter (World, S16A) [FD1089B 317-xxxx] [Analog Controls]	afighterd	jts16	_7 HARDWARE - CONTROLES	Action Fighter (World, S16A) [FD1089B 317-xxxx] [Analog Controls].mra	Configuração distinta de jogadores, controles, tela ou link explicitamente indicada no MRA.
_Alien Storm/Alien Storm (Japan, 2 Players) (FD1094 317-0146).mra	_Alien Storm	Alien Storm (Japan, 2 Players) (FD1094 317-0146).mra	Alien Storm (Japan, 2 Players) (FD1094 317-0146)	astormj	jts18	_7 HARDWARE - CONTROLES	Alien Storm (Japan, 2 Players) (FD1094 317-0146).mra	Configuração distinta de jogadores, controles, tela ou link explicitamente indicada no MRA.
_Alien Storm/Alien Storm (World, 3 Players) (FD1094 317-0148).mra	_Alien Storm	Alien Storm (World, 3 Players) (FD1094 317-0148).mra	Alien Storm (World, 3 Players) (FD1094 317-0148)	astorm3	jts18	_7 HARDWARE - CONTROLES	Alien Storm (World, 3 Players) (FD1094 317-0148).mra	Configuração distinta de jogadores, controles, tela ou link explicitamente indicada no MRA.
_Block Block/Block Block (World 911106 Joystick).mra	_Block Block	Block Block (World 911106 Joystick).mra	Block Block (World 911106 Joystick)	blockr1	jtpang	_7 HARDWARE - CONTROLES	Block Block (World 911106 Joystick).mra	Configuração distinta de jogadores, controles, tela ou link explicitamente indicada no MRA.
_Cabal/Cabal (Koreax, Joystick).mra	_Cabal	Cabal (Koreax, Joystick).mra	Cabal (Korea?, Joystick)	cabala	jttoki	_7 HARDWARE - CONTROLES	Cabal (Koreax, Joystick).mra	Configuração distinta de jogadores, controles, tela ou link explicitamente indicada no MRA.
_Cadash/Cadash (World) LINK MASTER.mra	_Cadash	Cadash (World) LINK MASTER.mra	Cadash (World) LINK MASTER	cadash	TaitoAsuka	_7 HARDWARE - CONTROLES	Cadash (World) LINK MASTER.mra	Configuração distinta de jogadores, controles, tela ou link explicitamente indicada no MRA.
_Cadash/Cadash (World) LINK SLAVE.mra	_Cadash	Cadash (World) LINK SLAVE.mra	Cadash (World) LINK SLAVE	cadash	TaitoAsuka	_7 HARDWARE - CONTROLES	Cadash (World) LINK SLAVE.mra	Configuração distinta de jogadores, controles, tela ou link explicitamente indicada no MRA.
_Chouji Meikyuu Legion/Legion - Spinner-87 (World ver 2.03).mra	_Chouji Meikyuu Legion	Legion - Spinner-87 (World ver 2.03).mra	Legion - Spinner-87 (World ver 2.03)	legion	armedf	_7 HARDWARE - CONTROLES	Legion - Spinner-87 (World ver 2.03).mra	Configuração distinta de jogadores, controles, tela ou link explicitamente indicada no MRA.
_Crime Fighters/Crime Fighters (Japan 2 Players).mra	_Crime Fighters	Crime Fighters (Japan 2 Players).mra	Crime Fighters (Japan 2 Players)	crimfghtj	jtaliens	_7 HARDWARE - CONTROLES	Crime Fighters (Japan 2 Players).mra	Configuração distinta de jogadores, controles, tela ou link explicitamente indicada no MRA.
_Crime Fighters/Crime Fighters (US 4 Players).mra	_Crime Fighters	Crime Fighters (US 4 Players).mra	Crime Fighters (US 4 Players)	crimfghtu	jtaliens	_7 HARDWARE - CONTROLES	Crime Fighters (US 4 Players).mra	Configuração distinta de jogadores, controles, tela ou link explicitamente indicada no MRA.
_D. D. Crew/D. D. Crew (World, 2 Players) (FD1094 317-0184).mra	_D. D. Crew	D. D. Crew (World, 2 Players) (FD1094 317-0184).mra	D. D. Crew (World, 2 Players) (FD1094 317-0184)	ddcrew2	jts18	_7 HARDWARE - CONTROLES	D. D. Crew (World, 2 Players) (FD1094 317-0184).mra	Configuração distinta de jogadores, controles, tela ou link explicitamente indicada no MRA.
_D. D. Crew/D. D. Crew (World, 4 Players) (FD1094 317-0187).mra	_D. D. Crew	D. D. Crew (World, 4 Players) (FD1094 317-0187).mra	D. D. Crew (World, 4 Players) (FD1094 317-0187)	ddcrew1	jts18	_7 HARDWARE - CONTROLES	D. D. Crew (World, 4 Players) (FD1094 317-0187).mra	Configuração distinta de jogadores, controles, tela ou link explicitamente indicada no MRA.
_Darius II/Darius II (Japan, dual screen, rev 2).mra	_Darius II	Darius II (Japan, dual screen, rev 2).mra	Darius II (Japan, dual screen, rev 2) 	darius2d 	Darius2WarriorBlade 	_7 HARDWARE - CONTROLES	Darius II (Japan, dual screen, rev 2).mra	Configuração dual-screen; mantida uma revisão representativa.
_Darius II/Sagaia (World, dual screen).mra	_Darius II	Sagaia (World, dual screen).mra	Sagaia (World, dual screen)	sagaia	Darius2WarriorBlade	_7 HARDWARE - CONTROLES	Sagaia (World, dual screen).mra	Configuração distinta de jogadores, controles, tela ou link explicitamente indicada no MRA.
_Eliminator/Eliminator (2 Players, cocktail).mra	_Eliminator	Eliminator (2 Players, cocktail).mra	Eliminator (2 Players, cocktail)	elim2c	SegaG80V	_7 HARDWARE - CONTROLES	Eliminator (2 Players, cocktail).mra	Configuração distinta de jogadores, controles, tela ou link explicitamente indicada no MRA.
_Eliminator/Eliminator (4 Players).mra	_Eliminator	Eliminator (4 Players).mra	Eliminator (4 Players)	elim4	SegaG80V	_7 HARDWARE - CONTROLES	Eliminator (4 Players).mra	Configuração distinta de jogadores, controles, tela ou link explicitamente indicada no MRA.
_Gauntlet/Gauntlet (2 Players, Japanese, rev 2).mra	_Gauntlet	Gauntlet (2 Players, Japanese, rev 2).mra	Gauntlet	gauntlet2pj2	gauntlet	_7 HARDWARE - CONTROLES	Gauntlet (2 Players, Japanese, rev 2).mra	Configuração distinta de jogadores, controles, tela ou link explicitamente indicada no MRA.
_Gauntlet II/Gauntlet II (2 Players, German).mra	_Gauntlet II	Gauntlet II (2 Players, German).mra	Gauntlet II	gaunt22pg	gauntlet	_7 HARDWARE - CONTROLES	Gauntlet II (2 Players, German).mra	Configuração distinta de jogadores, controles, tela ou link explicitamente indicada no MRA.
_Ikari III - The Rescue/Ikari III - The Rescue (World, Rotary Joystick).mra	_Ikari III - The Rescue	Ikari III - The Rescue (World, Rotary Joystick).mra	Ikari III - The Rescue (World, Rotary Joystick)	ikari3w	SNK68	_7 HARDWARE - CONTROLES	Ikari III - The Rescue (World, Rotary Joystick).mra	Configuração distinta de jogadores, controles, tela ou link explicitamente indicada no MRA.
_Ikari III - The Rescue/Ikari Three (Korea, 8-Way Joystick).mra	_Ikari III - The Rescue	Ikari Three (Korea, 8-Way Joystick).mra	Ikari Three (Korea, 8-Way Joystick)	ikari3k	SNK68	_7 HARDWARE - CONTROLES	Ikari Three (Korea, 8-Way Joystick).mra	Configuração distinta de jogadores, controles, tela ou link explicitamente indicada no MRA.
_Jackal/Jackal (W, Rotary).mra	_Jackal	Jackal (W, Rotary).mra	Jackal	jackalr	Jackal	_7 HARDWARE - CONTROLES	Jackal (W, Rotary).mra	Configuração distinta de jogadores, controles, tela ou link explicitamente indicada no MRA.
_Karate Champ/Karate Champ (US, 2 players).mra	_Karate Champ	Karate Champ (US, 2 players).mra	Karate Champ (US, 2 players)	kchamp2p	jtkchamp	_7 HARDWARE - CONTROLES	Karate Champ (US, 2 players).mra	Configuração distinta de jogadores, controles, tela ou link explicitamente indicada no MRA.
_Mahjong G-Taste/Mahjong G-Taste (joystick).mra	_Mahjong G-Taste	Mahjong G-Taste (joystick).mra		mjgtaste	PsikyoSH2	_7 HARDWARE - CONTROLES	Mahjong G-Taste (joystick).mra	Configuração distinta de jogadores, controles, tela ou link explicitamente indicada no MRA.
_Passing Shot/Passing Shot (World, 4 Players) (FD1094 317-0074).mra	_Passing Shot	Passing Shot (World, 4 Players) (FD1094 317-0074).mra	Passing Shot (World, 4 Players) (FD1094 317-0074)	passshta	jts16b	_7 HARDWARE - CONTROLES	Passing Shot (World, 4 Players) (FD1094 317-0074).mra	Configuração distinta de jogadores, controles, tela ou link explicitamente indicada no MRA.
_Punk Shot/Punk Shot (World 2 Players).mra	_Punk Shot	Punk Shot (World 2 Players).mra	Punk Shot (World 2 Players)	punkshot2e	jttmnt	_7 HARDWARE - CONTROLES	Punk Shot (World 2 Players).mra	Configuração distinta de jogadores, controles, tela ou link explicitamente indicada no MRA.
_Road_Blasters/Road Blasters (cockpit, German, rev 1).mra	_Road_Blasters	Road Blasters (cockpit, German, rev 1).mra	Road Blasters (cockpit, German, rev 1)	roadblstcg	atarisys1	_7 HARDWARE - CONTROLES	Road Blasters (cockpit, German, rev 1).mra	Configuração distinta de jogadores, controles, tela ou link explicitamente indicada no MRA.
_Run and Gun/Run and Gun (ver UBA 1993 10.8) (dual screen with demux adapter).mra	_Run and Gun	Run and Gun (ver UBA 1993 10.8) (dual screen with demux adapter).mra	Run and Gun (ver UBA 1993 10.8) (dual screen with demux adapter)	rungunubad	jtrungun	_7 HARDWARE - CONTROLES	Run and Gun (ver UBA 1993 10.8) (dual screen with demux adapter).mra	Configuração distinta de jogadores, controles, tela ou link explicitamente indicada no MRA.
_Sunset Riders/Sunset Riders (2 Players ver ABD).mra	_Sunset Riders	Sunset Riders (2 Players ver ABD).mra	Sunset Riders (2 Players ver ABD)	ssridersabd	jtriders	_7 HARDWARE - CONTROLES	Sunset Riders (2 Players ver ABD).mra	Configuração distinta de jogadores, controles, tela ou link explicitamente indicada no MRA.
_Sunset Riders/Sunset Riders (4 Players ver ADD).mra	_Sunset Riders	Sunset Riders (4 Players ver ADD).mra	Sunset Riders (4 Players ver ADD)	ssridersadd	jtriders	_7 HARDWARE - CONTROLES	Sunset Riders (4 Players ver ADD).mra	Configuração distinta de jogadores, controles, tela ou link explicitamente indicada no MRA.
_Tank Force/Tank Force (US, 4 Players).mra	_Tank Force	Tank Force (US, 4 Players).mra	Tank Force (US, 4 Players)	tankfrce4	jtshouse	_7 HARDWARE - CONTROLES	Tank Force (US, 4 Players).mra	Configuração distinta de jogadores, controles, tela ou link explicitamente indicada no MRA.
_Teenage Mutant Ninja Turtles/Teenage Mutant Ninja Turtles (Japan 2 Players, version 1).mra	_Teenage Mutant Ninja Turtles	Teenage Mutant Ninja Turtles (Japan 2 Players, version 1).mra	Teenage Mutant Ninja Turtles (Japan 2 Players, version 1)	tmnt2pj	jttmnt	_7 HARDWARE - CONTROLES	Teenage Mutant Ninja Turtles (Japan 2 Players, version 1).mra	Configuração distinta de jogadores, controles, tela ou link explicitamente indicada no MRA.
_Teenage Mutant Ninja Turtles/Teenage Mutant Ninja Turtles (Japan 4 Players, version 2).mra	_Teenage Mutant Ninja Turtles	Teenage Mutant Ninja Turtles (Japan 4 Players, version 2).mra	Teenage Mutant Ninja Turtles (Japan 4 Players, version 2)	tmntj	jttmnt	_7 HARDWARE - CONTROLES	Teenage Mutant Ninja Turtles (Japan 4 Players, version 2).mra	Configuração distinta de jogadores, controles, tela ou link explicitamente indicada no MRA.
_Teenage Mutant Ninja Turtles - Turtles In Time/Teenage Mutant Hero Turtles - Turtles in Time (2 Players Ver. EBA).mra	_Teenage Mutant Ninja Turtles - Turtles In Time	Teenage Mutant Hero Turtles - Turtles in Time (2 Players Ver. EBA).mra	Teenage Mutant Hero Turtles - Turtles in Time (2 Players ver EBA)	tmht22pe	tmnt2_mister	_7 HARDWARE - CONTROLES	Teenage Mutant Hero Turtles - Turtles in Time (2 Players Ver. EBA).mra	Configuração distinta de jogadores, controles, tela ou link explicitamente indicada no MRA.
_Teenage Mutant Ninja Turtles - Turtles In Time/Teenage Mutant Hero Turtles - Turtles in Time (4 Players Ver. EAA).mra	_Teenage Mutant Ninja Turtles - Turtles In Time	Teenage Mutant Hero Turtles - Turtles in Time (4 Players Ver. EAA).mra	Teenage Mutant Hero Turtles - Turtles in Time (4 Players ver EAA)	tmht24pe	tmnt2_mister	_7 HARDWARE - CONTROLES	Teenage Mutant Hero Turtles - Turtles in Time (4 Players Ver. EAA).mra	Configuração distinta de jogadores, controles, tela ou link explicitamente indicada no MRA.
_The Real Ghostbusters/The Real Ghostbusters (US, 2 Players).mra	_The Real Ghostbusters	The Real Ghostbusters (US, 2 Players).mra		ghostb2a	ghostb_mister	_7 HARDWARE - CONTROLES	The Real Ghostbusters (US, 2 Players).mra	Configuração distinta de jogadores, controles, tela ou link explicitamente indicada no MRA.
_The Real Ghostbusters/The Real Ghostbusters (US, 3 Players, Revision 2).mra	_The Real Ghostbusters	The Real Ghostbusters (US, 3 Players, Revision 2).mra		ghostb3a	ghostb_mister	_7 HARDWARE - CONTROLES	The Real Ghostbusters (US, 3 Players, Revision 2).mra	Configuração distinta de jogadores, controles, tela ou link explicitamente indicada no MRA.
_The Simpsons/The Simpsons (2 Players World, set 1).mra	_The Simpsons	The Simpsons (2 Players World, set 1).mra	The Simpsons (2 Players World, set 1)	simpsons2p	jtsimson	_7 HARDWARE - CONTROLES	The Simpsons (2 Players World, set 1).mra	Configuração distinta de jogadores, controles, tela ou link explicitamente indicada no MRA.
_The Simpsons/The Simpsons (4 Players World, set 2).mra	_The Simpsons	The Simpsons (4 Players World, set 2).mra	The Simpsons (4 Players World, set 2)	simpsons4pe	jtsimson	_7 HARDWARE - CONTROLES	The Simpsons (4 Players World, set 2).mra	Configuração distinta de jogadores, controles, tela ou link explicitamente indicada no MRA.
_Thunder Zone/Thunder Zone (World, 4 Players).mra	_Thunder Zone	Thunder Zone (World, 4 Players).mra	Thunder Zone (World 4 Players)	thndzone4	thndzone_mister	_7 HARDWARE - CONTROLES	Thunder Zone (World, 4 Players).mra	Configuração distinta de jogadores, controles, tela ou link explicitamente indicada no MRA.
_Turbo Out Run/Turbo Out Run (Japan, cockpit) (FD1094 317-0101).mra	_Turbo Out Run	Turbo Out Run (Japan, cockpit) (FD1094 317-0101).mra	Turbo Out Run (Japan, cockpit) (FD1094 317-0101)	toutrunj1	jtoutrun	_7 HARDWARE - CONTROLES	Turbo Out Run (Japan, cockpit) (FD1094 317-0101).mra	Configuração distinta de jogadores, controles, tela ou link explicitamente indicada no MRA.
_Vendetta/Vendetta (World, 2 Players, ver. EB-Ax).mra	_Vendetta	Vendetta (World, 2 Players, ver. EB-Ax).mra	Vendetta (World, 2 Players, ver. EB-A?)	vendetta2peba	jtsimson	_7 HARDWARE - CONTROLES	Vendetta (World, 2 Players, ver. EB-Ax).mra	Configuração distinta de jogadores, controles, tela ou link explicitamente indicada no MRA.
_Vendetta/Vendetta (World, 4 Players, ver. x).mra	_Vendetta	Vendetta (World, 4 Players, ver. x).mra	Vendetta (World, 4 Players, ver. ?)	vendettaun	jtsimson	_7 HARDWARE - CONTROLES	Vendetta (World, 4 Players, ver. x).mra	Configuração distinta de jogadores, controles, tela ou link explicitamente indicada no MRA.
_Wally wo Sagase!/Wally wo Sagase! (rev A, Japan, 2 players) (FD1094 317-0197A).mra	_Wally wo Sagase!	Wally wo Sagase! (rev A, Japan, 2 players) (FD1094 317-0197A).mra	Wally wo Sagase! (rev A, Japan, 2 players) (FD1094 317-0197A)	wwallyja	jts18	_7 HARDWARE - CONTROLES	Wally wo Sagase! (rev A, Japan, 2 players) (FD1094 317-0197A).mra	Configuração distinta de jogadores, controles, tela ou link explicitamente indicada no MRA.
_Wally wo Sagase!/Wally wo Sagase! (rev A, Japan, 3 players) (FD1094 317-0198A).mra	_Wally wo Sagase!	Wally wo Sagase! (rev A, Japan, 3 players) (FD1094 317-0198A).mra	Wally wo Sagase! (rev A, Japan, 3 players) (FD1094 317-0198A)	wwallyja3p	jts18	_7 HARDWARE - CONTROLES	Wally wo Sagase! (rev A, Japan, 3 players) (FD1094 317-0198A).mra	Configuração distinta de jogadores, controles, tela ou link explicitamente indicada no MRA.
_X-Men/X-Men (2 Players ver AAA).mra	_X-Men	X-Men (2 Players ver AAA).mra	X-Men (2 Players ver AAA)	xmen2pa	jtxmen	_7 HARDWARE - CONTROLES	X-Men (2 Players ver AAA).mra	Configuração distinta de jogadores, controles, tela ou link explicitamente indicada no MRA.
_X-Men/X-Men (4 Players ver ADA).mra	_X-Men	X-Men (4 Players ver ADA).mra	X-Men (4 Players ver ADA)	xmenaa	jtxmen	_7 HARDWARE - CONTROLES	X-Men (4 Players ver ADA).mra	Configuração distinta de jogadores, controles, tela ou link explicitamente indicada no MRA.
Mini Golf (cocktail, 10-18-85).mra	__ROOT__	Mini Golf (cocktail, 10-18-85).mra	Mini Golf (cocktail, 10/18/85) 	minigolfct 	BallySente 	_7 HARDWARE - CONTROLES	Mini Golf (cocktail, 10-18-85).mra	Versão cocktail explicitamente identificada.
_Bomb Jack/Bomb Jack (Translation Chinese) - HBMame.mra	_Bomb Jack	Bomb Jack (Translation Chinese) - HBMame.mra	Bomb Jack	bombjacks01	bombjack	_8 CORRECOES - TRADUCOES - TRAINERS	Bomb Jack (Translation Chinese) - HBMame.mra	Correção, tradução ou trainer explicitamente identificado no MRA.
_Crazy Kong/Crazy Kong Part II (Graphic Fix) - HBMame.mra	_Crazy Kong	Crazy Kong Part II (Graphic Fix) - HBMame.mra	Crazy Kong Part II	ckongfix	crazykong	_8 CORRECOES - TRADUCOES - TRAINERS	Crazy Kong Part II (Graphic Fix) - HBMame.mra	Correção, tradução ou trainer explicitamente identificado no MRA.
_DoDonPachi/DoDonPachi Trainer (Japan).mra	_DoDonPachi	DoDonPachi Trainer (Japan).mra	DoDonPachi Trainer (Japan)	ddonpachjt	cave	_8 CORRECOES - TRADUCOES - TRAINERS	DoDonPachi Trainer (Japan).mra	Correção, tradução ou trainer explicitamente identificado no MRA.
_Donkey Kong/Donkey Kong Trainer 1.01 - HBMame.mra	_Donkey Kong	Donkey Kong Trainer 1.01 - HBMame.mra	Donkey Kong Trainer	dktrainer	donkeykong	_8 CORRECOES - TRADUCOES - TRAINERS	Donkey Kong Trainer 1.01 - HBMame.mra	Correção, tradução ou trainer explicitamente identificado no MRA.
_Mr. Do!/Mr. Do! Fixed.mra	_Mr. Do!	Mr. Do! Fixed.mra	Mr. Do! Fixed	mrdofix	mrdo	_8 CORRECOES - TRADUCOES - TRAINERS	Mr. Do! Fixed.mra	Correção, tradução ou trainer explicitamente identificado no MRA.
_Robotron 2084/Robotron 2084 (1987 'shot-in-the-corner' bugfix).mra	_Robotron 2084	Robotron 2084 (1987 'shot-in-the-corner' bugfix).mra	Robotron 2084	robotron87	robotron	_8 CORRECOES - TRADUCOES - TRAINERS	Robotron 2084 (1987 'shot-in-the-corner' bugfix).mra	Correção, tradução ou trainer explicitamente identificado no MRA.
_Solomon's Key/Solomon no Kagi (Translation Chinese) - HBMame.mra	_Solomon's Key	Solomon no Kagi (Translation Chinese) - HBMame.mra	Solomon no Kagi	solomonjs01	solomonskey	_8 CORRECOES - TRADUCOES - TRAINERS	Solomon no Kagi (Translation Chinese) - HBMame.mra	Correção, tradução ou trainer explicitamente identificado no MRA.
